"sirno","datesk","Item_Name","Date","price"
1,20120201,"Brinjal (R)",2012-01-02,"20"
2,20120203,"Brinjal (R)",2012-03-02,"20"
3,20120204,"Brinjal (R)",2012-04-02,"22"
4,20120206,"Brinjal (R)",2012-06-02,"18"
5,20120207,"Brinjal (R)",2012-07-02,"18"
6,20120208,"Brinjal (R)",2012-08-02,"18"
7,20120209,"Brinjal (R)",2012-09-02,"19"
8,20120210,"Brinjal (R)",2012-10-02,"20"
9,20120211,"Brinjal (R)",2012-11-02,"20"
10,20120213,"Brinjal (R)",NA,"16"
11,20120215,"Brinjal (R)",NA,"15"
12,20120216,"Brinjal (R)",NA,"16"
13,20120217,"Brinjal (R)",NA,"15"
14,20120218,"Brinjal (R)",NA,"15"
15,20120220,"Brinjal (R)",NA,"15"
16,20120221,"Brinjal (R)",NA,"20"
17,20120222,"Brinjal (R)",NA,"18"
18,20120223,"Brinjal (R)",NA,"18"
19,20120224,"Brinjal (R)",NA,"16"
20,20120225,"Brinjal (R)",NA,"17"
21,20120227,"Brinjal (R)",NA,"17"
22,20120228,"Brinjal (R)",NA,"23"
23,20120229,"Brinjal (R)",NA,"25"
24,20120301,"Brinjal (R)",2012-01-03,"23"
25,20120302,"Brinjal (R)",2012-02-03,"24"
26,20120303,"Brinjal (R)",2012-03-03,"21"
27,20120305,"Brinjal (R)",2012-05-03,"22"
28,20120306,"Brinjal (R)",2012-06-03,"22"
29,20120307,"Brinjal (R)",2012-07-03,"21"
30,20120308,"Brinjal (R)",2012-08-03,"20"
31,20120309,"Brinjal (R)",2012-09-03,"20"
32,20120310,"Brinjal (R)",2012-10-03,"20"
33,20120312,"Brinjal (R)",2012-12-03,"20"
34,20120313,"Brinjal (R)",NA,"20"
35,20120314,"Brinjal (R)",NA,"20"
36,20120315,"Brinjal (R)",NA,"20"
37,20120316,"Brinjal (R)",NA,"20"
38,20120317,"Brinjal (R)",NA,"20"
39,20120319,"Brinjal (R)",NA,"20"
40,20120320,"Brinjal (R)",NA,"20"
41,20120321,"Brinjal (R)",NA,"22"
42,20120323,"Brinjal (R)",NA,"22"
43,20120324,"Brinjal (R)",NA,"28"
44,20120326,"Brinjal (R)",NA,"29"
45,20120327,"Brinjal (R)",NA,"26"
46,20120328,"Brinjal (R)",NA,"26"
47,20120329,"Brinjal (R)",NA,"23"
48,20120330,"Brinjal (R)",NA,"24"
49,20120331,"Brinjal (R)",NA,"25"
50,20120402,"Brinjal (R)",2012-02-04,"31"
51,20120403,"Brinjal (R)",2012-03-04,"31"
52,20120404,"Brinjal (R)",2012-04-04,"29"
53,20120405,"Brinjal (R)",2012-05-04,"25"
54,20120406,"Brinjal (R)",2012-06-04,"22"
55,20120407,"Brinjal (R)",2012-07-04,"23"
56,20120410,"Brinjal (R)",2012-10-04,"23"
57,20120411,"Brinjal (R)",2012-11-04,"26"
58,20120412,"Brinjal (R)",2012-12-04,"24"
59,20120413,"Brinjal (R)",NA,"24"
60,20120414,"Brinjal (R)",NA,"27"
61,20120416,"Brinjal (R)",NA,"27"
62,20120417,"Brinjal (R)",NA,"26"
63,20120418,"Brinjal (R)",NA,"26"
64,20120419,"Brinjal (R)",NA,"24"
65,20120420,"Brinjal (R)",NA,"26"
66,20120421,"Brinjal (R)",NA,"26"
67,20120428,"Brinjal (R)",NA,"27"
68,20120430,"Brinjal (R)",NA,"26"
69,20120501,"Brinjal (R)",2012-01-05,"25"
70,20120502,"Brinjal (R)",2012-02-05,"24"
71,20120503,"Brinjal (R)",2012-03-05,"23"
72,20120504,"Brinjal (R)",2012-04-05,"25"
73,20120505,"Brinjal (R)",2012-05-05,"26"
74,20120507,"Brinjal (R)",2012-07-05,"27"
75,20120508,"Brinjal (R)",2012-08-05,"27"
76,20120509,"Brinjal (R)",2012-09-05,"28"
77,20120510,"Brinjal (R)",2012-10-05,"28"
78,20120511,"Brinjal (R)",2012-11-05,"29"
79,20120512,"Brinjal (R)",2012-12-05,"30"
80,20120514,"Brinjal (R)",NA,"24"
81,20120515,"Brinjal (R)",NA,"24"
82,20120516,"Brinjal (R)",NA,"24"
83,20120517,"Brinjal (R)",NA,"29"
84,20120518,"Brinjal (R)",NA,"29"
85,20120519,"Brinjal (R)",NA,"29"
86,20120521,"Brinjal (R)",NA,"23"
87,20120522,"Brinjal (R)",NA,"23"
88,20120523,"Brinjal (R)",NA,"28"
89,20120524,"Brinjal (R)",NA,"28"
90,20120525,"Brinjal (R)",NA,"27"
91,20120526,"Brinjal (R)",NA,"26"
92,20120528,"Brinjal (R)",NA,"26"
93,20120529,"Brinjal (R)",NA,"26"
94,20120530,"Brinjal (R)",NA,"27"
95,20120531,"Brinjal (R)",NA,"27"
96,20120601,"Brinjal (R)",2012-01-06,"27"
97,20120602,"Brinjal (R)",2012-02-06,"27"
98,20120604,"Brinjal (R)",2012-04-06,"26"
99,20120605,"Brinjal (R)",2012-05-06,"28"
100,20120606,"Brinjal (R)",2012-06-06,"30"
101,20120607,"Brinjal (R)",2012-07-06,"30"
102,20120608,"Brinjal (R)",2012-08-06,"33"
103,20120609,"Brinjal (R)",2012-09-06,"33"
104,20120611,"Brinjal (R)",2012-11-06,"31"
105,20120612,"Brinjal (R)",2012-12-06,"30"
106,20120613,"Brinjal (R)",NA,"31"
107,20120614,"Brinjal (R)",NA,"31"
108,20120615,"Brinjal (R)",NA,"32"
109,20120616,"Brinjal (R)",NA,"32"
110,20120618,"Brinjal (R)",NA,"31"
111,20120619,"Brinjal (R)",NA,"30"
112,20120620,"Brinjal (R)",NA,"27"
113,20120621,"Brinjal (R)",NA,"30"
114,20120622,"Brinjal (R)",NA,"30"
115,20120623,"Brinjal (R)",NA,"30"
116,20120625,"Brinjal (R)",NA,"27"
117,20120626,"Brinjal (R)",NA,"27"
118,20120627,"Brinjal (R)",NA,"26"
119,20120628,"Brinjal (R)",NA,"26"
120,20120629,"Brinjal (R)",NA,"26"
121,20120630,"Brinjal (R)",NA,"25"
122,20120702,"Brinjal (R)",2012-02-07,"27"
123,20120703,"Brinjal (R)",2012-03-07,"26"
124,20120704,"Brinjal (R)",2012-04-07,"23"
125,20120705,"Brinjal (R)",2012-05-07,"22"
126,20120706,"Brinjal (R)",2012-06-07,"22"
127,20120707,"Brinjal (R)",2012-07-07,"21"
128,20120709,"Brinjal (R)",2012-09-07,"21"
129,20120710,"Brinjal (R)",2012-10-07,"19"
130,20120711,"Brinjal (R)",2012-11-07,"18"
131,20120712,"Brinjal (R)",2012-12-07,"17"
132,20120713,"Brinjal (R)",NA,"17"
133,20120714,"Brinjal (R)",NA,"17"
134,20120716,"Brinjal (R)",NA,"14"
135,20120717,"Brinjal (R)",NA,"14"
136,20120718,"Brinjal (R)",NA,"14"
137,20120719,"Brinjal (R)",NA,"13"
138,20120720,"Brinjal (R)",NA,"13"
139,20120721,"Brinjal (R)",NA,"13"
140,20120723,"Brinjal (R)",NA,"13"
141,20120724,"Brinjal (R)",NA,"14"
142,20120725,"Brinjal (R)",NA,"14"
143,20120726,"Brinjal (R)",NA,"14"
144,20120727,"Brinjal (R)",NA,"14"
145,20120728,"Brinjal (R)",NA,"15"
146,20120730,"Brinjal (R)",NA,"15"
147,20120731,"Brinjal (R)",NA,"15"
148,20120801,"Brinjal (R)",2012-01-08,"13"
149,20120802,"Brinjal (R)",2012-02-08,"13"
150,20120803,"Brinjal (R)",2012-03-08,"15"
151,20120804,"Brinjal (R)",2012-04-08,"15"
152,20120806,"Brinjal (R)",2012-06-08,"16"
153,20120807,"Brinjal (R)",2012-07-08,"16"
154,20120808,"Brinjal (R)",2012-08-08,"20"
155,20120809,"Brinjal (R)",2012-09-08,"19"
156,20120810,"Brinjal (R)",2012-10-08,"19"
157,20120811,"Brinjal (R)",2012-11-08,"19"
158,20120813,"Brinjal (R)",NA,"17"
159,20120814,"Brinjal (R)",NA,"20"
160,20120815,"Brinjal (R)",NA,"18"
161,20120816,"Brinjal (R)",NA,"17"
162,20120817,"Brinjal (R)",NA,"15"
163,20120818,"Brinjal (R)",NA,"15"
164,20120820,"Brinjal (R)",NA,"13"
165,20120821,"Brinjal (R)",NA,"13"
166,20120822,"Brinjal (R)",NA,"12"
167,20120823,"Brinjal (R)",NA,"12"
168,20120824,"Brinjal (R)",NA,"12"
169,20120825,"Brinjal (R)",NA,"13"
170,20120827,"Brinjal (R)",NA,"13"
171,20120828,"Brinjal (R)",NA,"12"
172,20120829,"Brinjal (R)",NA,"12"
173,20120830,"Brinjal (R)",NA,"12"
174,20120831,"Brinjal (R)",NA,"14"
175,20120901,"Brinjal (R)",2012-01-09,"14"
176,20120903,"Brinjal (R)",2012-03-09,"13"
177,20120904,"Brinjal (R)",2012-04-09,"13"
178,20120905,"Brinjal (R)",2012-05-09,"13"
179,20120906,"Brinjal (R)",2012-06-09,"13"
180,20120907,"Brinjal (R)",2012-07-09,"13"
181,20120908,"Brinjal (R)",2012-08-09,"13"
182,20120910,"Brinjal (R)",2012-10-09,"12"
183,20120911,"Brinjal (R)",2012-11-09,"12"
184,20120912,"Brinjal (R)",2012-12-09,"12"
185,20120913,"Brinjal (R)",NA,"12"
186,20120914,"Brinjal (R)",NA,"11"
187,20120915,"Brinjal (R)",NA,"11"
188,20120917,"Brinjal (R)",NA,"11"
189,20120918,"Brinjal (R)",NA,"11"
190,20120919,"Brinjal (R)",NA,"16"
191,20120922,"Brinjal (R)",NA,"18"
192,20120924,"Brinjal (R)",NA,"14"
193,20120925,"Brinjal (R)",NA,"13"
194,20120926,"Brinjal (R)",NA,"13"
195,20120927,"Brinjal (R)",NA,"13"
196,20120928,"Brinjal (R)",NA,"12"
197,20120929,"Brinjal (R)",NA,"12"
198,20121001,"Brinjal (R)",2012-01-10,"12"
199,20121002,"Brinjal (R)",2012-02-10,"12"
200,20121003,"Brinjal (R)",2012-03-10,"12"
201,20121004,"Brinjal (R)",2012-04-10,"12"
202,20121005,"Brinjal (R)",2012-05-10,"13"
203,20121008,"Brinjal (R)",2012-08-10,"13"
204,20121009,"Brinjal (R)",2012-09-10,"12"
205,20121010,"Brinjal (R)",2012-10-10,"12"
206,20121011,"Brinjal (R)",2012-11-10,"11"
207,20121012,"Brinjal (R)",2012-12-10,"12"
208,20121013,"Brinjal (R)",NA,"12"
209,20121015,"Brinjal (R)",NA,"11"
210,20121016,"Brinjal (R)",NA,"19"
211,20121017,"Brinjal (R)",NA,"18"
212,20121018,"Brinjal (R)",NA,"14"
213,20121019,"Brinjal (R)",NA,"15"
214,20121020,"Brinjal (R)",NA,"15"
215,20121022,"Brinjal (R)",NA,"14"
216,20121023,"Brinjal (R)",NA,"14"
217,20121025,"Brinjal (R)",NA,"13"
218,20121026,"Brinjal (R)",NA,"14"
219,20121027,"Brinjal (R)",NA,"14"
220,20121029,"Brinjal (R)",NA,"13"
221,20121030,"Brinjal (R)",NA,"14"
222,20121031,"Brinjal (R)",NA,"12"
223,20121101,"Brinjal (R)",2012-01-11,"18"
224,20121103,"Brinjal (R)",2012-03-11,"18"
225,20121105,"Brinjal (R)",2012-05-11,"13"
226,20121106,"Brinjal (R)",2012-06-11,"12"
227,20121107,"Brinjal (R)",2012-07-11,"19"
228,20121108,"Brinjal (R)",2012-08-11,"18"
229,20121109,"Brinjal (R)",2012-09-11,"18"
230,20121110,"Brinjal (R)",2012-10-11,"14"
231,20121112,"Brinjal (R)",2012-12-11,"13"
232,20121113,"Brinjal (R)",NA,"13"
233,20121114,"Brinjal (R)",NA,"13"
234,20121115,"Brinjal (R)",NA,"14"
235,20121116,"Brinjal (R)",NA,"17"
236,20121117,"Brinjal (R)",NA,"18"
237,20121119,"Brinjal (R)",NA,"19"
238,20121120,"Brinjal (R)",NA,"22"
239,20121121,"Brinjal (R)",NA,"25"
240,20121122,"Brinjal (R)",NA,"23"
241,20121123,"Brinjal (R)",NA,"20"
242,20121124,"Brinjal (R)",NA,"19"
243,20121126,"Brinjal (R)",NA,"16"
244,20121127,"Brinjal (R)",NA,"15"
245,20121128,"Brinjal (R)",NA,"14"
246,20121129,"Brinjal (R)",NA,"13"
247,20121130,"Brinjal (R)",NA,"14"
248,20121201,"Brinjal (R)",2012-01-12,"15"
249,20121203,"Brinjal (R)",2012-03-12,"17"
250,20121204,"Brinjal (R)",2012-04-12,"17"
251,20121205,"Brinjal (R)",2012-05-12,"19"
252,20121206,"Brinjal (R)",2012-06-12,"15"
253,20121207,"Brinjal (R)",2012-07-12,"13"
254,20121208,"Brinjal (R)",2012-08-12,"13"
255,20121210,"Brinjal (R)",2012-10-12,"13"
256,20121211,"Brinjal (R)",2012-11-12,"13"
257,20121212,"Brinjal (R)",2012-12-12,"13"
258,20121213,"Brinjal (R)",NA,"14"
259,20121214,"Brinjal (R)",NA,"14"
260,20121215,"Brinjal (R)",NA,"14"
261,20121217,"Brinjal (R)",NA,"14"
262,20121218,"Brinjal (R)",NA,"14"
263,20121219,"Brinjal (R)",NA,"13"
264,20121220,"Brinjal (R)",NA,"13"
265,20121221,"Brinjal (R)",NA,"12"
266,20121222,"Brinjal (R)",NA,"11"
267,20121224,"Brinjal (R)",NA,"12"
268,20121225,"Brinjal (R)",NA,"13"
269,20121226,"Brinjal (R)",NA,"12"
270,20121228,"Brinjal (R)",NA,"11"
271,20121229,"Brinjal (R)",NA,"11"
272,20121231,"Brinjal (R)",NA,"11"
273,20130101,"Brinjal (R)",2013-01-01,"11"
274,20130102,"Brinjal (R)",2013-02-01,"11"
275,20130103,"Brinjal (R)",2013-03-01,"11"
276,20130104,"Brinjal (R)",2013-04-01,"11"
277,20130105,"Brinjal (R)",2013-05-01,"11"
278,20130107,"Brinjal (R)",2013-07-01,"12"
279,20130108,"Brinjal (R)",2013-08-01,"13"
280,20130109,"Brinjal (R)",2013-09-01,"16"
281,20130110,"Brinjal (R)",2013-10-01,"16"
282,20130111,"Brinjal (R)",2013-11-01,"16"
283,20130112,"Brinjal (R)",2013-12-01,"16"
284,20130113,"Brinjal (R)",NA,"16"
285,20130114,"Brinjal (R)",NA,"22"
286,20130115,"Brinjal (R)",NA,"35"
287,20130116,"Brinjal (R)",NA,"33"
288,20130117,"Brinjal (R)",NA,"30"
289,20130118,"Brinjal (R)",NA,"28"
290,20130119,"Brinjal (R)",NA,"22"
291,20130121,"Brinjal (R)",NA,"22"
292,20130122,"Brinjal (R)",NA,"25"
293,20130123,"Brinjal (R)",NA,"25"
294,20130124,"Brinjal (R)",NA,"25"
295,20130125,"Brinjal (R)",NA,"25"
296,20130126,"Brinjal (R)",NA,"26"
297,20130128,"Brinjal (R)",NA,"25"
298,20130129,"Brinjal (R)",NA,"26"
299,20130130,"Brinjal (R)",NA,"25"
300,20130131,"Brinjal (R)",NA,"24"
301,20130201,"Brinjal (R)",2013-01-02,"22"
302,20130202,"Brinjal (R)",2013-02-02,"21"
303,20130204,"Brinjal (R)",2013-04-02,"20"
304,20130205,"Brinjal (R)",2013-05-02,"21"
305,20130206,"Brinjal (R)",2013-06-02,"25"
306,20130207,"Brinjal (R)",2013-07-02,"20"
307,20130208,"Brinjal (R)",2013-08-02,"20"
308,20130209,"Brinjal (R)",2013-09-02,"19"
309,20130211,"Brinjal (R)",2013-11-02,"19"
310,20130212,"Brinjal (R)",2013-12-02,"16"
311,20130213,"Brinjal (R)",NA,"14"
312,20130214,"Brinjal (R)",NA,"14"
313,20130215,"Brinjal (R)",NA,"11"
314,20130216,"Brinjal (R)",NA,"13"
315,20130218,"Brinjal (R)",NA,"12"
316,20130219,"Brinjal (R)",NA,"12"
317,20130220,"Brinjal (R)",NA,"13"
318,20130222,"Brinjal (R)",NA,"13"
319,20130223,"Brinjal (R)",NA,"13"
320,20130225,"Brinjal (R)",NA,"13"
321,20130226,"Brinjal (R)",NA,"12"
322,20130227,"Brinjal (R)",NA,"13"
323,20130228,"Brinjal (R)",NA,"18"
324,20130301,"Brinjal (R)",2013-01-03,"17"
325,20130302,"Brinjal (R)",2013-02-03,"17"
326,20130304,"Brinjal (R)",2013-04-03,"21"
327,20130305,"Brinjal (R)",2013-05-03,"25"
328,20130306,"Brinjal (R)",2013-06-03,"20"
329,20130307,"Brinjal (R)",2013-07-03,"19"
330,20130308,"Brinjal (R)",2013-08-03,"18"
331,20130309,"Brinjal (R)",2013-09-03,"18"
332,20130311,"Brinjal (R)",2013-11-03,"22"
333,20130312,"Brinjal (R)",2013-12-03,"21"
334,20130313,"Brinjal (R)",NA,"21"
335,20130314,"Brinjal (R)",NA,"19"
336,20130315,"Brinjal (R)",NA,"18"
337,20130316,"Brinjal (R)",NA,"18"
338,20130318,"Brinjal (R)",NA,"19"
339,20130319,"Brinjal (R)",NA,"19"
340,20130320,"Brinjal (R)",NA,"19"
341,20130321,"Brinjal (R)",NA,"17"
342,20130322,"Brinjal (R)",NA,"16"
343,20130323,"Brinjal (R)",NA,"16"
344,20130325,"Brinjal (R)",NA,"18"
345,20130326,"Brinjal (R)",NA,"20"
346,20130327,"Brinjal (R)",NA,"20"
347,20130401,"Brinjal (R)",2013-01-04,"20"
348,20130402,"Brinjal (R)",2013-02-04,"20"
349,20130403,"Brinjal (R)",2013-03-04,"20"
350,20130404,"Brinjal (R)",2013-04-04,"20"
351,20130405,"Brinjal (R)",2013-05-04,"18"
352,20130406,"Brinjal (R)",2013-06-04,"20"
353,20130408,"Brinjal (R)",2013-08-04,"20"
354,20130409,"Brinjal (R)",2013-09-04,"21"
355,20130410,"Brinjal (R)",2013-10-04,"20"
356,20130411,"Brinjal (R)",2013-11-04,"20"
357,20130412,"Brinjal (R)",2013-12-04,"22"
358,20130413,"Brinjal (R)",NA,"24"
359,20130415,"Brinjal (R)",NA,"24"
360,20130416,"Brinjal (R)",NA,"22"
361,20130417,"Brinjal (R)",NA,"18"
362,20130418,"Brinjal (R)",NA,"19"
363,20130419,"Brinjal (R)",NA,"18"
364,20130420,"Brinjal (R)",NA,"24"
365,20130422,"Brinjal (R)",NA,"23"
366,20130423,"Brinjal (R)",NA,"25"
367,20130424,"Brinjal (R)",NA,"23"
368,20130425,"Brinjal (R)",NA,"20"
369,20130426,"Brinjal (R)",NA,"20"
370,20130427,"Brinjal (R)",NA,"24"
371,20130429,"Brinjal (R)",NA,"22"
372,20130430,"Brinjal (R)",NA,"24"
373,20130501,"Brinjal (R)",2013-01-05,"20"
374,20130502,"Brinjal (R)",2013-02-05,"19"
375,20130503,"Brinjal (R)",2013-03-05,"20"
376,20130504,"Brinjal (R)",2013-04-05,"19"
377,20130506,"Brinjal (R)",2013-06-05,"21"
378,20130507,"Brinjal (R)",2013-07-05,"20"
379,20130508,"Brinjal (R)",2013-08-05,"20"
380,20130509,"Brinjal (R)",2013-09-05,"20"
381,20130510,"Brinjal (R)",2013-10-05,"20"
382,20130511,"Brinjal (R)",2013-11-05,"20"
383,20130513,"Brinjal (R)",NA,"20"
384,20130514,"Brinjal (R)",NA,"20"
385,20130515,"Brinjal (R)",NA,"20"
386,20130516,"Brinjal (R)",NA,"20"
387,20130517,"Brinjal (R)",NA,"19"
388,20130518,"Brinjal (R)",NA,"19"
389,20130520,"Brinjal (R)",NA,"21"
390,20130521,"Brinjal (R)",NA,"22"
391,20130522,"Brinjal (R)",NA,"22"
392,20130523,"Brinjal (R)",NA,"21"
393,20130524,"Brinjal (R)",NA,"20"
394,20130525,"Brinjal (R)",NA,"20"
395,20130527,"Brinjal (R)",NA,"21"
396,20130528,"Brinjal (R)",NA,"22"
397,20130529,"Brinjal (R)",NA,"22"
398,20130530,"Brinjal (R)",NA,"23"
399,20130531,"Brinjal (R)",NA,"23"
400,20130601,"Brinjal (R)",2013-01-06,"23"
401,20130603,"Brinjal (R)",2013-03-06,"23"
402,20130604,"Brinjal (R)",2013-04-06,"24"
403,20130605,"Brinjal (R)",2013-05-06,"25"
404,20130606,"Brinjal (R)",2013-06-06,"25"
405,20130607,"Brinjal (R)",2013-07-06,"27"
406,20130608,"Brinjal (R)",2013-08-06,"28"
407,20130610,"Brinjal (R)",2013-10-06,"24"
408,20130611,"Brinjal (R)",2013-11-06,"24"
409,20130612,"Brinjal (R)",2013-12-06,"24"
410,20130613,"Brinjal (R)",NA,"24"
411,20130614,"Brinjal (R)",NA,"27"
412,20130615,"Brinjal (R)",NA,"27"
413,20130617,"Brinjal (R)",NA,"26"
414,20130618,"Brinjal (R)",NA,"26"
415,20130619,"Brinjal (R)",NA,"22"
416,20130620,"Brinjal (R)",NA,"23"
417,20130621,"Brinjal (R)",NA,"24"
418,20130622,"Brinjal (R)",NA,"24"
419,20130624,"Brinjal (R)",NA,"24"
420,20130625,"Brinjal (R)",NA,"23"
421,20130626,"Brinjal (R)",NA,"22"
422,20130627,"Brinjal (R)",NA,"21"
423,20130628,"Brinjal (R)",NA,"21"
424,20130629,"Brinjal (R)",NA,"21"
425,20130701,"Brinjal (R)",2013-01-07,"22"
426,20130702,"Brinjal (R)",2013-02-07,"22"
427,20130703,"Brinjal (R)",2013-03-07,"24"
428,20130704,"Brinjal (R)",2013-04-07,"24"
429,20130705,"Brinjal (R)",2013-05-07,"24"
430,20130706,"Brinjal (R)",2013-06-07,"24"
431,20130708,"Brinjal (R)",2013-08-07,"24"
432,20130709,"Brinjal (R)",2013-09-07,"24"
433,20130710,"Brinjal (R)",2013-10-07,"23"
434,20130711,"Brinjal (R)",2013-11-07,"22"
435,20130712,"Brinjal (R)",2013-12-07,"22"
436,20130713,"Brinjal (R)",NA,"22"
437,20130715,"Brinjal (R)",NA,"25"
438,20130716,"Brinjal (R)",NA,"23"
439,20130717,"Brinjal (R)",NA,"23"
440,20130718,"Brinjal (R)",NA,"25"
441,20130719,"Brinjal (R)",NA,"25"
442,20130720,"Brinjal (R)",NA,"25"
443,20130722,"Brinjal (R)",NA,"28"
444,20130723,"Brinjal (R)",NA,"28"
445,20130724,"Brinjal (R)",NA,"28"
446,20130725,"Brinjal (R)",NA,"35"
447,20130726,"Brinjal (R)",NA,"33"
448,20130727,"Brinjal (R)",NA,"33"
449,20130729,"Brinjal (R)",NA,"30"
450,20130730,"Brinjal (R)",NA,"33"
451,20130731,"Brinjal (R)",NA,"33"
452,20130801,"Brinjal (R)",2013-01-08,"33"
453,20130802,"Brinjal (R)",2013-02-08,"30"
454,20130803,"Brinjal (R)",2013-03-08,"30"
455,20130805,"Brinjal (R)",2013-05-08,"30"
456,20130806,"Brinjal (R)",2013-06-08,"30"
457,20130807,"Brinjal (R)",2013-07-08,"30"
458,20130808,"Brinjal (R)",2013-08-08,"31"
459,20130809,"Brinjal (R)",2013-09-08,"31"
460,20130810,"Brinjal (R)",2013-10-08,"31"
461,20130812,"Brinjal (R)",2013-12-08,"29"
462,20130813,"Brinjal (R)",NA,"29"
463,20130814,"Brinjal (R)",NA,"29"
464,20130815,"Brinjal (R)",NA,"30"
465,20130816,"Brinjal (R)",NA,"27"
466,20130817,"Brinjal (R)",NA,"27"
467,20130819,"Brinjal (R)",NA,"26"
468,20130820,"Brinjal (R)",NA,"25"
469,20130821,"Brinjal (R)",NA,"24"
470,20130822,"Brinjal (R)",NA,"22"
471,20130823,"Brinjal (R)",NA,"19"
472,20130824,"Brinjal (R)",NA,"20"
473,20130826,"Brinjal (R)",NA,"20"
474,20130827,"Brinjal (R)",NA,"21"
475,20130828,"Brinjal (R)",NA,"22"
476,20130829,"Brinjal (R)",NA,"22"
477,20130830,"Brinjal (R)",NA,"20"
478,20130831,"Brinjal (R)",NA,"20"
479,20130902,"Brinjal (R)",2013-02-09,"20"
480,20130903,"Brinjal (R)",2013-03-09,"20"
481,20130904,"Brinjal (R)",2013-04-09,"18"
482,20130905,"Brinjal (R)",2013-05-09,"18"
483,20130906,"Brinjal (R)",2013-06-09,"18"
484,20130907,"Brinjal (R)",2013-07-09,"16"
485,20130908,"Brinjal (R)",2013-08-09,"16"
486,20130909,"Brinjal (R)",2013-09-09,"19"
487,20130910,"Brinjal (R)",2013-10-09,"20"
488,20130911,"Brinjal (R)",2013-11-09,"22"
489,20130912,"Brinjal (R)",2013-12-09,"24"
490,20130913,"Brinjal (R)",NA,"22"
491,20130916,"Brinjal (R)",NA,"20"
492,20130917,"Brinjal (R)",NA,"20"
493,20130918,"Brinjal (R)",NA,"20"
494,20130919,"Brinjal (R)",NA,"16"
495,20130920,"Brinjal (R)",NA,"15"
496,20130921,"Brinjal (R)",NA,"16"
497,20130923,"Brinjal (R)",NA,"19"
498,20130924,"Brinjal (R)",NA,"22"
499,20130925,"Brinjal (R)",NA,"25"
500,20130926,"Brinjal (R)",NA,"27"
501,20130927,"Brinjal (R)",NA,"27"
502,20130928,"Brinjal (R)",NA,"32"
503,20130930,"Brinjal (R)",NA,"30"
504,20131001,"Brinjal (R)",2013-01-10,"30"
505,20131002,"Brinjal (R)",2013-02-10,"29"
506,20131003,"Brinjal (R)",2013-03-10,"25"
507,20131004,"Brinjal (R)",2013-04-10,"25"
508,20131005,"Brinjal (R)",2013-05-10,"26"
509,20131007,"Brinjal (R)",2013-07-10,"29"
510,20131008,"Brinjal (R)",2013-08-10,"29"
511,20131009,"Brinjal (R)",2013-09-10,"27"
512,20131010,"Brinjal (R)",2013-10-10,"24"
513,20131011,"Brinjal (R)",2013-11-10,"18"
514,20131012,"Brinjal (R)",2013-12-10,"18"
515,20131015,"Brinjal (R)",NA,"19"
516,20131016,"Brinjal (R)",NA,"19"
517,20131017,"Brinjal (R)",NA,"20"
518,20131018,"Brinjal (R)",NA,"20"
519,20131019,"Brinjal (R)",NA,"20"
520,20131021,"Brinjal (R)",NA,"22"
521,20131022,"Brinjal (R)",NA,"23"
522,20131023,"Brinjal (R)",NA,"25"
523,20131024,"Brinjal (R)",NA,"25"
524,20131025,"Brinjal (R)",NA,"25"
525,20131026,"Brinjal (R)",NA,"24"
526,20131028,"Brinjal (R)",NA,"24"
527,20131029,"Brinjal (R)",NA,"24"
528,20131030,"Brinjal (R)",NA,"24"
529,20131031,"Brinjal (R)",NA,"24"
530,20131102,"Brinjal (R)",2013-02-11,"24"
531,20131104,"Brinjal (R)",2013-04-11,"35"
532,20131105,"Brinjal (R)",2013-05-11,"30"
533,20131106,"Brinjal (R)",2013-06-11,"30"
534,20131107,"Brinjal (R)",2013-07-11,"28"
535,20131108,"Brinjal (R)",2013-08-11,"25"
536,20131109,"Brinjal (R)",2013-09-11,"27"
537,20131111,"Brinjal (R)",2013-11-11,"35"
538,20131112,"Brinjal (R)",2013-12-11,"30"
539,20131114,"Brinjal (R)",NA,"30"
540,20131115,"Brinjal (R)",NA,"32"
541,20131116,"Brinjal (R)",NA,"32"
542,20131118,"Brinjal (R)",NA,"30"
543,20131119,"Brinjal (R)",NA,"30"
544,20131120,"Brinjal (R)",NA,"30"
545,20131121,"Brinjal (R)",NA,"30"
546,20131122,"Brinjal (R)",NA,"29"
547,20131123,"Brinjal (R)",NA,"29"
548,20131125,"Brinjal (R)",NA,"25"
549,20131126,"Brinjal (R)",NA,"23"
550,20131127,"Brinjal (R)",NA,"22"
551,20131128,"Brinjal (R)",NA,"19"
552,20131129,"Brinjal (R)",NA,"19"
553,20131130,"Brinjal (R)",NA,"18"
554,20131202,"Brinjal (R)",2013-02-12,"17"
555,20131203,"Brinjal (R)",2013-03-12,"17"
556,20131204,"Brinjal (R)",2013-04-12,"17"
557,20131205,"Brinjal (R)",2013-05-12,"16"
558,20131206,"Brinjal (R)",2013-06-12,"13"
559,20131207,"Brinjal (R)",2013-07-12,"13"
560,20131209,"Brinjal (R)",2013-09-12,"17"
561,20131210,"Brinjal (R)",2013-10-12,"17"
562,20131211,"Brinjal (R)",2013-11-12,"17"
563,20131212,"Brinjal (R)",2013-12-12,"17"
564,20131213,"Brinjal (R)",NA,"16"
565,20131214,"Brinjal (R)",NA,"16"
566,20131217,"Brinjal (R)",NA,"15"
567,20131218,"Brinjal (R)",NA,"14"
568,20131219,"Brinjal (R)",NA,"14"
569,20131220,"Brinjal (R)",NA,"14"
570,20131221,"Brinjal (R)",NA,"15"
571,20131223,"Brinjal (R)",NA,"14"
572,20131224,"Brinjal (R)",NA,"13"
573,20131225,"Brinjal (R)",NA,"13"
574,20131226,"Brinjal (R)",NA,"13"
575,20131227,"Brinjal (R)",NA,"13"
576,20131228,"Brinjal (R)",NA,"15"
577,20131230,"Brinjal (R)",NA,"15"
578,20131231,"Brinjal (R)",NA,"13"
579,20140102,"Brinjal (R)",2014-02-01,"12"
580,20140103,"Brinjal (R)",2014-03-01,"12"
581,20140104,"Brinjal (R)",2014-04-01,"12"
582,20140106,"Brinjal (R)",2014-06-01,"12"
583,20140107,"Brinjal (R)",2014-07-01,"10"
584,20140108,"Brinjal (R)",2014-08-01,"10"
585,20140109,"Brinjal (R)",2014-09-01,"10"
586,20140110,"Brinjal (R)",2014-10-01,"10"
587,20140111,"Brinjal (R)",2014-11-01,"10"
588,20140113,"Brinjal (R)",NA,"10"
589,20140114,"Brinjal (R)",NA,"10"
590,20140115,"Brinjal (R)",NA,"11"
591,20140116,"Brinjal (R)",NA,"13"
592,20140117,"Brinjal (R)",NA,"14"
593,20140118,"Brinjal (R)",NA,"14"
594,20140120,"Brinjal (R)",NA,"14"
595,20140121,"Brinjal (R)",NA,"14"
596,20140122,"Brinjal (R)",NA,"12"
597,20140123,"Brinjal (R)",NA,"12"
598,20140124,"Brinjal (R)",NA,"12"
599,20140125,"Brinjal (R)",NA,"11"
600,20140127,"Brinjal (R)",NA,"11"
601,20140128,"Brinjal (R)",NA,"11"
602,20140129,"Brinjal (R)",NA,"11"
603,20140130,"Brinjal (R)",NA,"11"
604,20140131,"Brinjal (R)",NA,"12"
605,20140201,"Brinjal (R)",2014-01-02,"12"
606,20140203,"Brinjal (R)",2014-03-02,"12"
607,20140204,"Brinjal (R)",2014-04-02,"12"
608,20140205,"Brinjal (R)",2014-05-02,"14"
609,20140206,"Brinjal (R)",2014-06-02,"14"
610,20140207,"Brinjal (R)",2014-07-02,"14"
611,20140208,"Brinjal (R)",2014-08-02,"14"
612,20140210,"Brinjal (R)",2014-10-02,"16"
613,20140211,"Brinjal (R)",2014-11-02,"15"
614,20140212,"Brinjal (R)",2014-12-02,"15"
615,20140213,"Brinjal (R)",NA,"14"
616,20140214,"Brinjal (R)",NA,"14"
617,20140215,"Brinjal (R)",NA,"14"
618,20140217,"Brinjal (R)",NA,"14"
619,20140218,"Brinjal (R)",NA,"14"
620,20140219,"Brinjal (R)",NA,"12"
621,20140220,"Brinjal (R)",NA,"12"
622,20140221,"Brinjal (R)",NA,"11"
623,20140222,"Brinjal (R)",NA,"11"
624,20140224,"Brinjal (R)",NA,"11"
625,20140225,"Brinjal (R)",NA,"11"
626,20140226,"Brinjal (R)",NA,"11"
627,20140227,"Brinjal (R)",NA,"11"
628,20140228,"Brinjal (R)",NA,"11"
629,20140301,"Brinjal (R)",2014-01-03,"14"
630,20140303,"Brinjal (R)",2014-03-03,"13"
631,20140304,"Brinjal (R)",2014-04-03,"12"
632,20140305,"Brinjal (R)",2014-05-03,"12"
633,20140306,"Brinjal (R)",2014-06-03,"10"
634,20140307,"Brinjal (R)",2014-07-03,"10"
635,20140308,"Brinjal (R)",2014-08-03,"10"
636,20140310,"Brinjal (R)",2014-10-03,"10"
637,20140311,"Brinjal (R)",2014-11-03,"11"
638,20140312,"Brinjal (R)",2014-12-03,"11"
639,20140313,"Brinjal (R)",NA,"11"
640,20140314,"Brinjal (R)",NA,"11"
641,20140315,"Brinjal (R)",NA,"11"
642,20140317,"Brinjal (R)",NA,"15"
643,20140318,"Brinjal (R)",NA,"16"
644,20140319,"Brinjal (R)",NA,"16"
645,20140320,"Brinjal (R)",NA,"16"
646,20140321,"Brinjal (R)",NA,"16"
647,20140322,"Brinjal (R)",NA,"15"
648,20140324,"Brinjal (R)",NA,"15"
649,20140325,"Brinjal (R)",NA,"15"
650,20140326,"Brinjal (R)",NA,"15"
651,20140327,"Brinjal (R)",NA,"15"
652,20140328,"Brinjal (R)",NA,"15"
653,20140329,"Brinjal (R)",NA,"15"
654,20140330,"Brinjal (R)",NA,"15"
655,20140401,"Brinjal (R)",2014-01-04,"20"
656,20140402,"Brinjal (R)",2014-02-04,"20"
657,20140403,"Brinjal (R)",2014-03-04,"22"
658,20140404,"Brinjal (R)",2014-04-04,"17"
659,20140405,"Brinjal (R)",2014-05-04,"17"
660,20140407,"Brinjal (R)",2014-07-04,"17"
661,20140408,"Brinjal (R)",2014-08-04,"20"
662,20140409,"Brinjal (R)",2014-09-04,"20"
663,20140410,"Brinjal (R)",2014-10-04,"20"
664,20140411,"Brinjal (R)",2014-11-04,"16"
665,20140412,"Brinjal (R)",2014-12-04,"16"
666,20140414,"Brinjal (R)",NA,"16"
667,20140415,"Brinjal (R)",NA,"16"
668,20140416,"Brinjal (R)",NA,"16"
669,20140417,"Brinjal (R)",NA,"16"
670,20140418,"Brinjal (R)",NA,"15"
671,20140419,"Brinjal (R)",NA,"15"
672,20140421,"Brinjal (R)",NA,"15"
673,20140422,"Brinjal (R)",NA,"15"
674,20140423,"Brinjal (R)",NA,"16"
675,20140424,"Brinjal (R)",NA,"17"
676,20140425,"Brinjal (R)",NA,"17"
677,20140426,"Brinjal (R)",NA,"19"
678,20140428,"Brinjal (R)",NA,"20"
679,20140429,"Brinjal (R)",NA,"19"
680,20140430,"Brinjal (R)",NA,"19"
681,20140501,"Brinjal (R)",2014-01-05,"17"
682,20140502,"Brinjal (R)",2014-02-05,"17"
683,20140503,"Brinjal (R)",2014-03-05,"17"
684,20140505,"Brinjal (R)",2014-05-05,"17"
685,20140506,"Brinjal (R)",2014-06-05,"17"
686,20140507,"Brinjal (R)",2014-07-05,"17"
687,20140508,"Brinjal (R)",2014-08-05,"17"
688,20140509,"Brinjal (R)",2014-09-05,"17"
689,20140510,"Brinjal (R)",2014-10-05,"18"
690,20140512,"Brinjal (R)",2014-12-05,"18"
691,20140513,"Brinjal (R)",NA,"18"
692,20140514,"Brinjal (R)",NA,"16"
693,20140515,"Brinjal (R)",NA,"16"
694,20140516,"Brinjal (R)",NA,"20"
695,20140517,"Brinjal (R)",NA,"20"
696,20140519,"Brinjal (R)",NA,"22"
697,20140520,"Brinjal (R)",NA,"22"
698,20140521,"Brinjal (R)",NA,"22"
699,20140522,"Brinjal (R)",NA,"20"
700,20140523,"Brinjal (R)",NA,"18"
701,20140524,"Brinjal (R)",NA,"18"
702,20140526,"Brinjal (R)",NA,"18"
703,20140527,"Brinjal (R)",NA,"18"
704,20140528,"Brinjal (R)",NA,"16"
705,20140529,"Brinjal (R)",NA,"16"
706,20140530,"Brinjal (R)",NA,"16"
707,20140531,"Brinjal (R)",NA,"16"
708,20140602,"Brinjal (R)",2014-02-06,"16"
709,20140603,"Brinjal (R)",2014-03-06,"16"
710,20140604,"Brinjal (R)",2014-04-06,"16"
711,20140605,"Brinjal (R)",2014-05-06,"16"
712,20140606,"Brinjal (R)",2014-06-06,"16"
713,20140607,"Brinjal (R)",2014-07-06,"16"
714,20140609,"Brinjal (R)",2014-09-06,"18"
715,20140610,"Brinjal (R)",2014-10-06,"18"
716,20140611,"Brinjal (R)",2014-11-06,"18"
717,20140612,"Brinjal (R)",2014-12-06,"18"
718,20140613,"Brinjal (R)",NA,"17"
719,20140614,"Brinjal (R)",NA,"17"
720,20140616,"Brinjal (R)",NA,"19"
721,20140617,"Brinjal (R)",NA,"18"
722,20140618,"Brinjal (R)",NA,"18"
723,20140619,"Brinjal (R)",NA,"20"
724,20140620,"Brinjal (R)",NA,"28"
725,20140621,"Brinjal (R)",NA,"28"
726,20140623,"Brinjal (R)",NA,"24"
727,20140705,"Brinjal (R)",2014-05-07,"28"
728,20140707,"Brinjal (R)",2014-07-07,"30"
729,20140708,"Brinjal (R)",2014-08-07,"30"
730,20140709,"Brinjal (R)",2014-09-07,"28"
731,20140710,"Brinjal (R)",2014-10-07,"28"
732,20140711,"Brinjal (R)",2014-11-07,"30"
733,20140712,"Brinjal (R)",2014-12-07,"28"
734,20140714,"Brinjal (R)",NA,"28"
735,20140715,"Brinjal (R)",NA,"28"
736,20140716,"Brinjal (R)",NA,"28"
737,20140717,"Brinjal (R)",NA,"28"
738,20140718,"Brinjal (R)",NA,"28"
739,20140719,"Brinjal (R)",NA,"28"
740,20140721,"Brinjal (R)",NA,"28"
741,20140722,"Brinjal (R)",NA,"28"
742,20140723,"Brinjal (R)",NA,"26"
743,20140724,"Brinjal (R)",NA,"26"
744,20140725,"Brinjal (R)",NA,"26"
745,20140726,"Brinjal (R)",NA,"24"
746,20140728,"Brinjal (R)",NA,"23"
747,20140729,"Brinjal (R)",NA,"24"
748,20140730,"Brinjal (R)",NA,"24"
749,20140731,"Brinjal (R)",NA,"24"
750,20140801,"Brinjal (R)",2014-01-08,"24"
751,20140802,"Brinjal (R)",2014-02-08,"23"
752,20140804,"Brinjal (R)",2014-04-08,"22"
753,20140805,"Brinjal (R)",2014-05-08,"22"
754,20140806,"Brinjal (R)",2014-06-08,"22"
755,20140807,"Brinjal (R)",2014-07-08,"22"
756,20140808,"Brinjal (R)",2014-08-08,"22"
757,20140809,"Brinjal (R)",2014-09-08,"23"
758,20140811,"Brinjal (R)",2014-11-08,"23"
759,20140812,"Brinjal (R)",2014-12-08,"22"
760,20140813,"Brinjal (R)",NA,"19"
761,20140814,"Brinjal (R)",NA,"19"
762,20140815,"Brinjal (R)",NA,"19"
763,20140816,"Brinjal (R)",NA,"22"
764,20140818,"Brinjal (R)",NA,"20"
765,20140819,"Brinjal (R)",NA,"19"
766,20140820,"Brinjal (R)",NA,"18"
767,20140821,"Brinjal (R)",NA,"19"
768,20140822,"Brinjal (R)",NA,"19"
769,20140823,"Brinjal (R)",NA,"23"
770,20140825,"Brinjal (R)",NA,"22"
771,20140826,"Brinjal (R)",NA,"22"
772,20140827,"Brinjal (R)",NA,"22"
773,20140828,"Brinjal (R)",NA,"23"
774,20140829,"Brinjal (R)",NA,"23"
775,20140830,"Brinjal (R)",NA,"32"
776,20140901,"Brinjal (R)",2014-01-09,"30"
777,20140902,"Brinjal (R)",2014-02-09,"30"
778,20140903,"Brinjal (R)",2014-03-09,"26"
779,20140904,"Brinjal (R)",2014-04-09,"26"
780,20140905,"Brinjal (R)",2014-05-09,"30"
781,20140906,"Brinjal (R)",2014-06-09,"30"
782,20140908,"Brinjal (R)",2014-08-09,"31"
783,20140909,"Brinjal (R)",2014-09-09,"28"
784,20140910,"Brinjal (R)",2014-10-09,"26"
785,20140911,"Brinjal (R)",2014-11-09,"26"
786,20140912,"Brinjal (R)",2014-12-09,"28"
787,20140915,"Brinjal (R)",NA,"25"
788,20140916,"Brinjal (R)",NA,"24"
789,20140917,"Brinjal (R)",NA,"24"
790,20140918,"Brinjal (R)",NA,"24"
791,20140919,"Brinjal (R)",NA,"23"
792,20140920,"Brinjal (R)",NA,"23"
793,20140922,"Brinjal (R)",NA,"22"
794,20140923,"Brinjal (R)",NA,"22"
795,20140925,"Brinjal (R)",NA,"22"
796,20140926,"Brinjal (R)",NA,"20"
797,20140927,"Brinjal (R)",NA,"20"
798,20140929,"Brinjal (R)",NA,"20"
799,20140930,"Brinjal (R)",NA,"18"
800,20141001,"Brinjal (R)",2014-01-10,"17"
801,20141002,"Brinjal (R)",2014-02-10,"16"
802,20141003,"Brinjal (R)",2014-03-10,"16"
803,20141006,"Brinjal (R)",2014-06-10,"22"
804,20141007,"Brinjal (R)",2014-07-10,"20"
805,20141008,"Brinjal (R)",2014-08-10,"20"
806,20141009,"Brinjal (R)",2014-09-10,"20"
807,20141010,"Brinjal (R)",2014-10-10,"19"
808,20141011,"Brinjal (R)",2014-11-10,"19"
809,20141013,"Brinjal (R)",NA,"22"
810,20141014,"Brinjal (R)",NA,"22"
811,20141015,"Brinjal (R)",NA,"22"
812,20141016,"Brinjal (R)",NA,"22"
813,20141017,"Brinjal (R)",NA,"21"
814,20141018,"Brinjal (R)",NA,"24"
815,20141020,"Brinjal (R)",NA,"24"
816,20141021,"Brinjal (R)",NA,"22"
817,20141022,"Brinjal (R)",NA,"23"
818,20141023,"Brinjal (R)",NA,"23"
819,20141024,"Brinjal (R)",NA,"32"
820,20141025,"Brinjal (R)",NA,"25"
821,20141027,"Brinjal (R)",NA,"27"
822,20141028,"Brinjal (R)",NA,"27"
823,20141029,"Brinjal (R)",NA,"27"
824,20141030,"Brinjal (R)",NA,"27"
825,20141031,"Brinjal (R)",NA,"27"
826,20141101,"Brinjal (R)",2014-01-11,"30"
827,20141103,"Brinjal (R)",2014-03-11,"34"
828,20141104,"Brinjal (R)",2014-04-11,"34"
829,20141105,"Brinjal (R)",2014-05-11,"35"
830,20141106,"Brinjal (R)",2014-06-11,"35"
831,20141107,"Brinjal (R)",2014-07-11,"32"
832,20141108,"Brinjal (R)",2014-08-11,"38"
833,20141110,"Brinjal (R)",2014-10-11,"36"
834,20141111,"Brinjal (R)",2014-11-11,"38"
835,20141112,"Brinjal (R)",2014-12-11,"35"
836,20141113,"Brinjal (R)",NA,"32"
837,20141114,"Brinjal (R)",NA,"30"
838,20141115,"Brinjal (R)",NA,"30"
839,20141117,"Brinjal (R)",NA,"30"
840,20141118,"Brinjal (R)",NA,"30"
841,20141119,"Brinjal (R)",NA,"30"
842,20141120,"Brinjal (R)",NA,"27"
843,20141121,"Brinjal (R)",NA,"27"
844,20141122,"Brinjal (R)",NA,"27"
845,20141124,"Brinjal (R)",NA,"27"
846,20141125,"Brinjal (R)",NA,"27"
847,20141126,"Brinjal (R)",NA,"27"
848,20141127,"Brinjal (R)",NA,"27"
849,20141128,"Brinjal (R)",NA,"26"
850,20141129,"Brinjal (R)",NA,"26"
851,20141201,"Brinjal (R)",2014-01-12,"23"
852,20141202,"Brinjal (R)",2014-02-12,"28"
853,20141203,"Brinjal (R)",2014-03-12,"28"
854,20141204,"Brinjal (R)",2014-04-12,"30"
855,20141205,"Brinjal (R)",2014-05-12,"34"
856,20141206,"Brinjal (R)",2014-06-12,"34"
857,20141208,"Brinjal (R)",2014-08-12,"30"
858,20141209,"Brinjal (R)",2014-09-12,"30"
859,20141210,"Brinjal (R)",2014-10-12,"26"
860,20141211,"Brinjal (R)",2014-11-12,"22"
861,20141212,"Brinjal (R)",2014-12-12,"20"
862,20141213,"Brinjal (R)",NA,"19"
863,20141215,"Brinjal (R)",NA,"18"
864,20141216,"Brinjal (R)",NA,"18"
865,20141217,"Brinjal (R)",NA,"17"
866,20141218,"Brinjal (R)",NA,"16"
867,20141219,"Brinjal (R)",NA,"16"
868,20141220,"Brinjal (R)",NA,"16"
869,20141222,"Brinjal (R)",NA,"16"
870,20141223,"Brinjal (R)",NA,"16"
871,20141224,"Brinjal (R)",NA,"16"
872,20141225,"Brinjal (R)",NA,"16"
873,20141226,"Brinjal (R)",NA,"15"
874,20141227,"Brinjal (R)",NA,"15"
875,20141229,"Brinjal (R)",NA,"16"
876,20141230,"Brinjal (R)",NA,"16"
877,20141231,"Brinjal (R)",NA,"16"
878,20150101,"Brinjal (R)",2015-01-01,"16"
879,20150102,"Brinjal (R)",2015-02-01,"16"
880,20150103,"Brinjal (R)",2015-03-01,"16"
881,20150105,"Brinjal (R)",2015-05-01,"16"
882,20150106,"Brinjal (R)",2015-06-01,"18"
883,20150107,"Brinjal (R)",2015-07-01,"19"
884,20150108,"Brinjal (R)",2015-08-01,"20"
885,20150109,"Brinjal (R)",2015-09-01,"20"
886,20150110,"Brinjal (R)",2015-10-01,"20"
887,20150112,"Brinjal (R)",2015-12-01,"22"
888,20150113,"Brinjal (R)",NA,"23"
889,20150114,"Brinjal (R)",NA,"24"
890,20150115,"Brinjal (R)",NA,"26"
891,20150116,"Brinjal (R)",NA,"35"
892,20150117,"Brinjal (R)",NA,"35"
893,20150119,"Brinjal (R)",NA,"30"
894,20150120,"Brinjal (R)",NA,"30"
895,20150121,"Brinjal (R)",NA,"31"
896,20150122,"Brinjal (R)",NA,"31"
897,20150123,"Brinjal (R)",NA,"31"
898,20150124,"Brinjal (R)",NA,"31"
899,20150126,"Brinjal (R)",NA,"30"
900,20150127,"Brinjal (R)",NA,"30"
901,20150128,"Brinjal (R)",NA,"30"
902,20150129,"Brinjal (R)",NA,"29"
903,20150130,"Brinjal (R)",NA,"29"
904,20150131,"Brinjal (R)",NA,"28"
905,20150202,"Brinjal (R)",2015-02-02,"28"
906,20150203,"Brinjal (R)",2015-03-02,"26"
907,20150204,"Brinjal (R)",2015-04-02,"23"
908,20150205,"Brinjal (R)",2015-05-02,"23"
909,20150206,"Brinjal (R)",2015-06-02,"23"
910,20150207,"Brinjal (R)",2015-07-02,"23"
911,20150209,"Brinjal (R)",2015-09-02,"22"
912,20150210,"Brinjal (R)",2015-10-02,"20"
913,20150211,"Brinjal (R)",2015-11-02,"22"
914,20150212,"Brinjal (R)",2015-12-02,"22"
915,20150213,"Brinjal (R)",NA,"19"
916,20150214,"Brinjal (R)",NA,"19"
917,20150216,"Brinjal (R)",NA,"18"
918,20150217,"Brinjal (R)",NA,"18"
919,20150218,"Brinjal (R)",NA,"18"
920,20150219,"Brinjal (R)",NA,"18"
921,20150220,"Brinjal (R)",NA,"18"
922,20150221,"Brinjal (R)",NA,"18"
923,20150223,"Brinjal (R)",NA,"18"
924,20150224,"Brinjal (R)",NA,"18"
925,20150225,"Brinjal (R)",NA,"18"
926,20150226,"Brinjal (R)",NA,"18"
927,20150227,"Brinjal (R)",NA,"18"
928,20150228,"Brinjal (R)",NA,"19"
929,20150302,"Brinjal (R)",2015-02-03,"16"
930,20150303,"Brinjal (R)",2015-03-03,"16"
931,20150304,"Brinjal (R)",2015-04-03,"16"
932,20150305,"Brinjal (R)",2015-05-03,"16"
933,20150306,"Brinjal (R)",2015-06-03,"16"
934,20150307,"Brinjal (R)",2015-07-03,"16"
935,20150309,"Brinjal (R)",2015-09-03,"16"
936,20150310,"Brinjal (R)",2015-10-03,"16"
937,20150311,"Brinjal (R)",2015-11-03,"16"
938,20150312,"Brinjal (R)",2015-12-03,"16"
939,20150313,"Brinjal (R)",NA,"16"
940,20150314,"Brinjal (R)",NA,"16"
941,20150316,"Brinjal (R)",NA,"16"
942,20150317,"Brinjal (R)",NA,"16"
943,20150318,"Brinjal (R)",NA,"16"
944,20150319,"Brinjal (R)",NA,"16"
945,20150320,"Brinjal (R)",NA,"16"
946,20150323,"Brinjal (R)",NA,"20"
947,20150324,"Brinjal (R)",NA,"19"
948,20150325,"Brinjal (R)",NA,"18"
949,20150326,"Brinjal (R)",NA,"15"
950,20150327,"Brinjal (R)",NA,"15"
951,20150328,"Brinjal (R)",NA,"15"
952,20150330,"Brinjal (R)",NA,"14"
953,20150331,"Brinjal (R)",NA,"14"
954,20150401,"Brinjal (R)",2015-01-04,"14"
955,20150402,"Brinjal (R)",2015-02-04,"14"
956,20150403,"Brinjal (R)",2015-03-04,"14"
957,20150404,"Brinjal (R)",2015-04-04,"14"
958,20150406,"Brinjal (R)",2015-06-04,"15"
959,20150407,"Brinjal (R)",2015-07-04,"15"
960,20150408,"Brinjal (R)",2015-08-04,"15"
961,20150409,"Brinjal (R)",2015-09-04,"15"
962,20150410,"Brinjal (R)",2015-10-04,"16"
963,20150411,"Brinjal (R)",2015-11-04,"16"
964,20150413,"Brinjal (R)",NA,"17"
965,20150414,"Brinjal (R)",NA,"17"
966,20150415,"Brinjal (R)",NA,"17"
967,20150416,"Brinjal (R)",NA,"17"
968,20150417,"Brinjal (R)",NA,"15"
969,20150420,"Brinjal (R)",NA,"20"
970,20150421,"Brinjal (R)",NA,"20"
971,20150422,"Brinjal (R)",NA,"23"
972,20150423,"Brinjal (R)",NA,"23"
973,20150424,"Brinjal (R)",NA,"21"
974,20150425,"Brinjal (R)",NA,"21"
975,20150427,"Brinjal (R)",NA,"21"
976,20150428,"Brinjal (R)",NA,"21"
977,20150429,"Brinjal (R)",NA,"21"
978,20150430,"Brinjal (R)",NA,"20"
979,20150501,"Brinjal (R)",2015-01-05,"20"
980,20150502,"Brinjal (R)",2015-02-05,"20"
981,20150504,"Brinjal (R)",2015-04-05,"20"
982,20150505,"Brinjal (R)",2015-05-05,"20"
983,20150506,"Brinjal (R)",2015-06-05,"20"
984,20150507,"Brinjal (R)",2015-07-05,"20"
985,20150508,"Brinjal (R)",2015-08-05,"20"
986,20150509,"Brinjal (R)",2015-09-05,"20"
987,20150511,"Brinjal (R)",2015-11-05,"20"
988,20150512,"Brinjal (R)",2015-12-05,"20"
989,20150513,"Brinjal (R)",NA,"19"
990,20150514,"Brinjal (R)",NA,"19"
991,20150515,"Brinjal (R)",NA,"19"
992,20150516,"Brinjal (R)",NA,"19"
993,20150518,"Brinjal (R)",NA,"19"
994,20150519,"Brinjal (R)",NA,"19"
995,20150520,"Brinjal (R)",NA,"19"
996,20150521,"Brinjal (R)",NA,"19"
997,20150522,"Brinjal (R)",NA,"19"
998,20150523,"Brinjal (R)",NA,"19"
999,20150525,"Brinjal (R)",NA,"19"
1000,20150526,"Brinjal (R)",NA,"19"
1001,20150527,"Brinjal (R)",NA,"20"
1002,20150528,"Brinjal (R)",NA,"20"
1003,20150529,"Brinjal (R)",NA,"23"
1004,20150530,"Brinjal (R)",NA,"23"
1005,20150601,"Brinjal (R)",2015-01-06,"24"
1006,20150602,"Brinjal (R)",2015-02-06,"24"
1007,20150603,"Brinjal (R)",2015-03-06,"25"
1008,20150604,"Brinjal (R)",2015-04-06,"25"
1009,20150605,"Brinjal (R)",2015-05-06,"25"
1010,20150606,"Brinjal (R)",2015-06-06,"25"
1011,20150608,"Brinjal (R)",2015-08-06,"25"
1012,20150609,"Brinjal (R)",2015-09-06,"26"
1013,20150610,"Brinjal (R)",2015-10-06,"26"
1014,20150611,"Brinjal (R)",2015-11-06,"26"
1015,20150612,"Brinjal (R)",2015-12-06,"28"
1016,20150613,"Brinjal (R)",NA,"28"
1017,20150615,"Brinjal (R)",NA,"28"
1018,20150616,"Brinjal (R)",NA,"28"
1019,20150617,"Brinjal (R)",NA,"28"
1020,20150618,"Brinjal (R)",NA,"27"
1021,20150619,"Brinjal (R)",NA,"27"
1022,20150620,"Brinjal (R)",NA,"25"
1023,20150622,"Brinjal (R)",NA,"24"
1024,20150623,"Brinjal (R)",NA,"24"
1025,20150624,"Brinjal (R)",NA,"24"
1026,20150625,"Brinjal (R)",NA,"22"
1027,20150626,"Brinjal (R)",NA,"22"
1028,20150627,"Brinjal (R)",NA,"22"
1029,20150629,"Brinjal (R)",NA,"22"
1030,20150630,"Brinjal (R)",NA,"22"
1031,20150701,"Brinjal (R)",2015-01-07,"20"
1032,20150702,"Brinjal (R)",2015-02-07,"15"
1033,20150703,"Brinjal (R)",2015-03-07,"15"
1034,20150704,"Brinjal (R)",2015-04-07,"17"
1035,20150706,"Brinjal (R)",2015-06-07,"17"
1036,20150707,"Brinjal (R)",2015-07-07,"17"
1037,20150708,"Brinjal (R)",2015-08-07,"17"
1038,20150709,"Brinjal (R)",2015-09-07,"16"
1039,20150710,"Brinjal (R)",2015-10-07,"16"
1040,20150711,"Brinjal (R)",2015-11-07,"16"
1041,20150713,"Brinjal (R)",NA,"16"
1042,20150714,"Brinjal (R)",NA,"15"
1043,20150715,"Brinjal (R)",NA,"15"
1044,20150716,"Brinjal (R)",NA,"15"
1045,20150717,"Brinjal (R)",NA,"15"
1046,20150718,"Brinjal (R)",NA,"14"
1047,20150720,"Brinjal (R)",NA,"14"
1048,20150721,"Brinjal (R)",NA,"15"
1049,20150722,"Brinjal (R)",NA,"15"
1050,20150724,"Brinjal (R)",NA,"15"
1051,20150725,"Brinjal (R)",NA,"15"
1052,20150727,"Brinjal (R)",NA,"15"
1053,20150728,"Brinjal (R)",NA,"15"
1054,20150729,"Brinjal (R)",NA,"16"
1055,20150730,"Brinjal (R)",NA,"16"
1056,20150731,"Brinjal (R)",NA,"16"
1057,20150801,"Brinjal (R)",2015-01-08,"16"
1058,20150803,"Brinjal (R)",2015-03-08,"16"
1059,20150804,"Brinjal (R)",2015-04-08,"16"
1060,20150805,"Brinjal (R)",2015-05-08,"16"
1061,20150806,"Brinjal (R)",2015-06-08,"16"
1062,20150807,"Brinjal (R)",2015-07-08,"15"
1063,20150808,"Brinjal (R)",2015-08-08,"15"
1064,20150810,"Brinjal (R)",2015-10-08,"15"
1065,20150811,"Brinjal (R)",2015-11-08,"15"
1066,20150812,"Brinjal (R)",2015-12-08,"15"
1067,20150813,"Brinjal (R)",NA,"15"
1068,20150814,"Brinjal (R)",NA,"15"
1069,20150815,"Brinjal (R)",NA,"15"
1070,20150817,"Brinjal (R)",NA,"15"
1071,20150818,"Brinjal (R)",NA,"15"
1072,20150819,"Brinjal (R)",NA,"15"
1073,20150820,"Brinjal (R)",NA,"15"
1074,20150821,"Brinjal (R)",NA,"15"
1075,20150822,"Brinjal (R)",NA,"14"
1076,20150824,"Brinjal (R)",NA,"14"
1077,20150825,"Brinjal (R)",NA,"14"
1078,20150826,"Brinjal (R)",NA,"14"
1079,20150827,"Brinjal (R)",NA,"14"
1080,20150828,"Brinjal (R)",NA,"14"
1081,20150829,"Brinjal (R)",NA,"14"
1082,20150831,"Brinjal (R)",NA,"15"
1083,20150901,"Brinjal (R)",2015-01-09,"15"
1084,20150902,"Brinjal (R)",2015-02-09,"15"
1085,20150903,"Brinjal (R)",2015-03-09,"15"
1086,20150904,"Brinjal (R)",2015-04-09,"15"
1087,20150905,"Brinjal (R)",2015-05-09,"15"
1088,20150907,"Brinjal (R)",2015-07-09,"15"
1089,20150908,"Brinjal (R)",2015-08-09,"15"
1090,20150909,"Brinjal (R)",2015-09-09,"13"
1091,20150910,"Brinjal (R)",2015-10-09,"13"
1092,20150911,"Brinjal (R)",2015-11-09,"13"
1093,20150912,"Brinjal (R)",2015-12-09,"13"
1094,20150914,"Brinjal (R)",NA,"13"
1095,20150915,"Brinjal (R)",NA,"13"
1096,20150916,"Brinjal (R)",NA,"13"
1097,20150918,"Brinjal (R)",NA,"13"
1098,20150919,"Brinjal (R)",NA,"13"
1099,20150921,"Brinjal (R)",NA,"15"
1100,20150922,"Brinjal (R)",NA,"15"
1101,20150923,"Brinjal (R)",NA,"15"
1102,20150924,"Brinjal (R)",NA,"15"
1103,20150925,"Brinjal (R)",NA,"15"
1104,20150928,"Brinjal (R)",NA,"15"
1105,20150929,"Brinjal (R)",NA,"15"
1106,20150930,"Brinjal (R)",NA,"15"
1107,20151001,"Brinjal (R)",2015-01-10,"15"
1108,20151002,"Brinjal (R)",2015-02-10,"15"
1109,20151003,"Brinjal (R)",2015-03-10,"14"
1110,20151005,"Brinjal (R)",2015-05-10,"12"
1111,20151006,"Brinjal (R)",2015-06-10,"12"
1112,20151007,"Brinjal (R)",2015-07-10,"12"
1113,20151008,"Brinjal (R)",2015-08-10,"16"
1114,20151009,"Brinjal (R)",2015-09-10,"16"
1115,20151010,"Brinjal (R)",2015-10-10,"16"
1116,20151012,"Brinjal (R)",2015-12-10,"16"
1117,20151013,"Brinjal (R)",NA,"16"
1118,20151014,"Brinjal (R)",NA,"17"
1119,20151016,"Brinjal (R)",NA,"17"
1120,20151017,"Brinjal (R)",NA,"17"
1121,20151019,"Brinjal (R)",NA,"21"
1122,20151020,"Brinjal (R)",NA,"21"
1123,20151021,"Brinjal (R)",NA,"21"
1124,20151022,"Brinjal (R)",NA,"21"
1125,20151023,"Brinjal (R)",NA,"24"
1126,20151026,"Brinjal (R)",NA,"24"
1127,20151027,"Brinjal (R)",NA,"20"
1128,20151028,"Brinjal (R)",NA,"20"
1129,20151029,"Brinjal (R)",NA,"25"
1130,20151030,"Brinjal (R)",NA,"25"
1131,20151031,"Brinjal (R)",NA,"25"
1132,20151102,"Brinjal (R)",2015-02-11,"25"
1133,20151103,"Brinjal (R)",2015-03-11,"22"
1134,20151104,"Brinjal (R)",2015-04-11,"21"
1135,20151105,"Brinjal (R)",2015-05-11,"20"
1136,20151106,"Brinjal (R)",2015-06-11,"20"
1137,20151107,"Brinjal (R)",2015-07-11,"18"
1138,20151109,"Brinjal (R)",2015-09-11,"18"
1139,20151110,"Brinjal (R)",2015-10-11,"18"
1140,20151111,"Brinjal (R)",2015-11-11,"23"
1141,20151113,"Brinjal (R)",NA,"24"
1142,20151114,"Brinjal (R)",NA,"24"
1143,20151116,"Brinjal (R)",NA,"24"
1144,20151117,"Brinjal (R)",NA,"30"
1145,20151118,"Brinjal (R)",NA,"28"
1146,20151119,"Brinjal (R)",NA,"32"
1147,20151120,"Brinjal (R)",NA,"32"
1148,20151121,"Brinjal (R)",NA,"32"
1149,20151123,"Brinjal (R)",NA,"49"
1150,20151124,"Brinjal (R)",NA,"49"
1151,20151125,"Brinjal (R)",NA,"39"
1152,20151126,"Brinjal (R)",NA,"39"
1153,20151127,"Brinjal (R)",NA,"50"
1154,20151128,"Brinjal (R)",NA,"50"
1155,20151130,"Brinjal (R)",NA,"48"
1156,20151201,"Brinjal (R)",2015-01-12,"48"
1157,20151202,"Brinjal (R)",2015-02-12,"55"
1158,20151203,"Brinjal (R)",2015-03-12,"55"
1159,20151204,"Brinjal (R)",2015-04-12,"50"
1160,20151205,"Brinjal (R)",2015-05-12,"50"
1161,20151207,"Brinjal (R)",2015-07-12,"56"
1162,20151208,"Brinjal (R)",2015-08-12,"62"
1163,20151209,"Brinjal (R)",2015-09-12,"68"
1164,20151210,"Brinjal (R)",2015-10-12,"68"
1165,20151211,"Brinjal (R)",2015-11-12,"64"
1166,20151212,"Brinjal (R)",2015-12-12,"70"
1167,20151214,"Brinjal (R)",NA,"60"
1168,20151215,"Brinjal (R)",NA,"60"
1169,20151216,"Brinjal (R)",NA,"60"
1170,20151217,"Brinjal (R)",NA,"64"
1171,20151218,"Brinjal (R)",NA,"64"
1172,20151219,"Brinjal (R)",NA,"62"
1173,20151221,"Brinjal (R)",NA,"62"
1174,20151222,"Brinjal (R)",NA,"58"
1175,20151223,"Brinjal (R)",NA,"56"
1176,20151224,"Brinjal (R)",NA,"54"
1177,20151225,"Brinjal (R)",NA,"52"
1178,20151226,"Brinjal (R)",NA,"52"
1179,20151228,"Brinjal (R)",NA,"52"
1180,20151229,"Brinjal (R)",NA,"48"
1181,20151230,"Brinjal (R)",NA,"48"
1182,20160101,"Brinjal (R)",2016-01-01,"42"
1183,20160102,"Brinjal (R)",2016-02-01,"42"
1184,20160104,"Brinjal (R)",2016-04-01,"43"
1185,20160105,"Brinjal (R)",2016-05-01,"46"
1186,20160106,"Brinjal (R)",2016-06-01,"46"
1187,20160107,"Brinjal (R)",2016-07-01,"46"
1188,20160108,"Brinjal (R)",2016-08-01,"46"
1189,20160109,"Brinjal (R)",2016-09-01,"45"
1190,20160111,"Brinjal (R)",2016-11-01,"45"
1191,20160112,"Brinjal (R)",2016-12-01,"44"
1192,20160113,"Brinjal (R)",NA,"38"
1193,20160114,"Brinjal (R)",NA,"38"
1194,20160115,"Brinjal (R)",NA,"38"
1195,20160116,"Brinjal (R)",NA,"38"
1196,20160118,"Brinjal (R)",NA,"38"
1197,20160119,"Brinjal (R)",NA,"38"
1198,20160120,"Brinjal (R)",NA,"38"
1199,20160121,"Brinjal (R)",NA,"36"
1200,20160122,"Brinjal (R)",NA,"33"
1201,20160123,"Brinjal (R)",NA,"33"
1202,20160125,"Brinjal (R)",NA,"26"
1203,20160126,"Brinjal (R)",NA,"22"
1204,20160127,"Brinjal (R)",NA,"22"
1205,20160128,"Brinjal (R)",NA,"22"
1206,20160129,"Brinjal (R)",NA,"22"
1207,20160130,"Brinjal (R)",NA,"20"
1208,20160201,"Brinjal (R)",2016-01-02,"19"
1209,20160202,"Brinjal (R)",2016-02-02,"19"
1210,20160203,"Brinjal (R)",2016-03-02,"19"
1211,20160204,"Brinjal (R)",2016-04-02,"19"
1212,20160205,"Brinjal (R)",2016-05-02,"20"
1213,20160206,"Brinjal (R)",2016-06-02,"20"
1214,20160208,"Brinjal (R)",2016-08-02,"22"
1215,20160209,"Brinjal (R)",2016-09-02,"22"
1216,20160210,"Brinjal (R)",2016-10-02,"22"
1217,20160211,"Brinjal (R)",2016-11-02,"22"
1218,20160212,"Brinjal (R)",2016-12-02,"22"
1219,20160213,"Brinjal (R)",NA,"22"
1220,20160215,"Brinjal (R)",NA,"23"
1221,20160216,"Brinjal (R)",NA,"23"
1222,20160217,"Brinjal (R)",NA,"23"
1223,20160218,"Brinjal (R)",NA,"24"
1224,20160219,"Brinjal (R)",NA,"24"
1225,20160220,"Brinjal (R)",NA,"24"
1226,20160222,"Brinjal (R)",NA,"24"
1227,20160223,"Brinjal (R)",NA,"24"
1228,20160224,"Brinjal (R)",NA,"24"
1229,20160225,"Brinjal (R)",NA,"24"
1230,20160226,"Brinjal (R)",NA,"24"
1231,20160227,"Brinjal (R)",NA,"24"
1232,20160229,"Brinjal (R)",NA,"26"
1233,20160301,"Brinjal (R)",2016-01-03,"26"
1234,20160302,"Brinjal (R)",2016-02-03,"27"
1235,20160303,"Brinjal (R)",2016-03-03,"27"
1236,20160304,"Brinjal (R)",2016-04-03,"26"
1237,20160305,"Brinjal (R)",2016-05-03,"26"
1238,20160307,"Brinjal (R)",2016-07-03,"26"
1239,20160308,"Brinjal (R)",2016-08-03,"22"
1240,20160310,"Brinjal (R)",2016-10-03,"27"
1241,20160311,"Brinjal (R)",2016-11-03,"27"
1242,20160312,"Brinjal (R)",2016-12-03,"27"
1243,20160314,"Brinjal (R)",NA,"25"
1244,20160315,"Brinjal (R)",NA,"25"
1245,20160316,"Brinjal (R)",NA,"24"
1246,20160317,"Brinjal (R)",NA,"23"
1247,20160318,"Brinjal (R)",NA,"23"
1248,20160319,"Brinjal (R)",NA,"21"
1249,20160321,"Brinjal (R)",NA,"21"
1250,20160322,"Brinjal (R)",NA,"19"
1251,20160323,"Brinjal (R)",NA,"19"
1252,20160324,"Brinjal (R)",NA,"19"
1253,20160325,"Brinjal (R)",NA,"19"
1254,20160326,"Brinjal (R)",NA,"19"
1255,20160328,"Brinjal (R)",NA,"19"
1256,20160329,"Brinjal (R)",NA,"19"
1257,20160330,"Brinjal (R)",NA,"19"
1258,20160401,"Brinjal (R)",2016-01-04,"19"
1259,20160402,"Brinjal (R)",2016-02-04,"17"
1260,20160404,"Brinjal (R)",2016-04-04,"17"
1261,20160405,"Brinjal (R)",2016-05-04,"17"
1262,20160406,"Brinjal (R)",2016-06-04,"17"
1263,20160407,"Brinjal (R)",2016-07-04,"18"
1264,20160408,"Brinjal (R)",2016-08-04,"18"
1265,20160409,"Brinjal (R)",2016-09-04,"18"
1266,20160411,"Brinjal (R)",2016-11-04,"18"
1267,20160412,"Brinjal (R)",2016-12-04,"18"
1268,20160413,"Brinjal (R)",NA,"18"
1269,20160414,"Brinjal (R)",NA,"18"
1270,20160415,"Brinjal (R)",NA,"18"
1271,20160416,"Brinjal (R)",NA,"18"
1272,20160418,"Brinjal (R)",NA,"18"
1273,20160419,"Brinjal (R)",NA,"18"
1274,20160420,"Brinjal (R)",NA,"20"
1275,20160421,"Brinjal (R)",NA,"20"
1276,20160422,"Brinjal (R)",NA,"20"
1277,20160423,"Brinjal (R)",NA,"20"
1278,20160425,"Brinjal (R)",NA,"22"
1279,20160426,"Brinjal (R)",NA,"22"
1280,20160427,"Brinjal (R)",NA,"22"
1281,20160428,"Brinjal (R)",NA,"24"
1282,20160429,"Brinjal (R)",NA,"24"
1283,20160430,"Brinjal (R)",NA,"24"
1284,20160502,"Brinjal (R)",2016-02-05,"27"
1285,20160503,"Brinjal (R)",2016-03-05,"27"
1286,20160504,"Brinjal (R)",2016-04-05,"27"
1287,20160505,"Brinjal (R)",2016-05-05,"27"
1288,20160506,"Brinjal (R)",2016-06-05,"27"
1289,20160507,"Brinjal (R)",2016-07-05,"30"
1290,20160510,"Brinjal (R)",2016-10-05,"30"
1291,20160511,"Brinjal (R)",2016-11-05,"30"
1292,20160512,"Brinjal (R)",2016-12-05,"30"
1293,20160513,"Brinjal (R)",NA,"30"
1294,20160514,"Brinjal (R)",NA,"30"
1295,20160516,"Brinjal (R)",NA,"30"
1296,20160517,"Brinjal (R)",NA,"30"
1297,20160518,"Brinjal (R)",NA,"30"
1298,20160519,"Brinjal (R)",NA,"30"
1299,20160520,"Brinjal (R)",NA,"30"
1300,20160521,"Brinjal (R)",NA,"28"
1301,20160523,"Brinjal (R)",NA,"32"
1302,20160524,"Brinjal (R)",NA,"30"
1303,20160525,"Brinjal (R)",NA,"30"
1304,20160526,"Brinjal (R)",NA,"32"
1305,20160527,"Brinjal (R)",NA,"32"
1306,20160528,"Brinjal (R)",NA,"32"
1307,20160530,"Brinjal (R)",NA,"32"
1308,20160531,"Brinjal (R)",NA,"32"
1309,20160601,"Brinjal (R)",2016-01-06,"32"
1310,20160602,"Brinjal (R)",2016-02-06,"32"
1311,20160603,"Brinjal (R)",2016-03-06,"32"
1312,20160604,"Brinjal (R)",2016-04-06,"32"
1313,20160606,"Brinjal (R)",2016-06-06,"32"
1314,20160607,"Brinjal (R)",2016-07-06,"32"
1315,20160608,"Brinjal (R)",2016-08-06,"32"
1316,20160609,"Brinjal (R)",2016-09-06,"32"
1317,20160610,"Brinjal (R)",2016-10-06,"32"
1318,20160611,"Brinjal (R)",2016-11-06,"32"
1319,20160613,"Brinjal (R)",NA,"29"
1320,20160614,"Brinjal (R)",NA,"29"
1321,20160615,"Brinjal (R)",NA,"29"
1322,20160616,"Brinjal (R)",NA,"29"
1323,20160617,"Brinjal (R)",NA,"29"
1324,20160618,"Brinjal (R)",NA,"29"
1325,20160620,"Brinjal (R)",NA,"29"
1326,20160621,"Brinjal (R)",NA,"29"
1327,20160622,"Brinjal (R)",NA,"29"
1328,20160623,"Brinjal (R)",NA,"29"
1329,20160624,"Brinjal (R)",NA,"29"
1330,20160625,"Brinjal (R)",NA,"29"
1331,20160628,"Brinjal (R)",NA,"25"
1332,20160629,"Brinjal (R)",NA,"25"
1333,20160630,"Brinjal (R)",NA,"25"
1334,20160701,"Brinjal (R)",2016-01-07,"25"
1335,20160702,"Brinjal (R)",2016-02-07,"25"
1336,20160704,"Brinjal (R)",2016-04-07,"25"
1337,20160706,"Brinjal (R)",2016-06-07,"25"
1338,20160707,"Brinjal (R)",2016-07-07,"25"
1339,20160708,"Brinjal (R)",2016-08-07,"25"
1340,20160709,"Brinjal (R)",2016-09-07,"25"
1341,20160711,"Brinjal (R)",2016-11-07,"25"
1342,20160712,"Brinjal (R)",2016-12-07,"25"
1343,20160713,"Brinjal (R)",NA,"30"
1344,20160714,"Brinjal (R)",NA,"32"
1345,20160715,"Brinjal (R)",NA,"32"
1346,20160716,"Brinjal (R)",NA,"32"
1347,20160718,"Brinjal (R)",NA,"35"
1348,20160719,"Brinjal (R)",NA,"34"
1349,20160720,"Brinjal (R)",NA,"34"
1350,20160722,"Brinjal (R)",NA,"29"
1351,20160725,"Brinjal (R)",NA,"25"
1352,20160726,"Brinjal (R)",NA,"25"
1353,20160727,"Brinjal (R)",NA,"28"
1354,20160728,"Brinjal (R)",NA,"28"
1355,20160729,"Brinjal (R)",NA,"28"
1356,20160730,"Brinjal (R)",NA,"27"
1357,20160801,"Brinjal (R)",2016-01-08,"28"
1358,20160802,"Brinjal (R)",2016-02-08,"25"
1359,20160803,"Brinjal (R)",2016-03-08,"25"
1360,20160805,"Brinjal (R)",2016-05-08,"25"
1361,20160806,"Brinjal (R)",2016-06-08,"25"
1362,20160808,"Brinjal (R)",2016-08-08,"25"
1363,20160809,"Brinjal (R)",2016-09-08,"25"
1364,20160811,"Brinjal (R)",2016-11-08,"25"
1365,20160812,"Brinjal (R)",2016-12-08,"25"
1366,20160817,"Brinjal (R)",NA,"24"
1367,20160819,"Brinjal (R)",NA,"24"
1368,20160820,"Brinjal (R)",NA,"24"
1369,20160822,"Brinjal (R)",NA,"24"
1370,20160823,"Brinjal (R)",NA,"24"
1371,20160824,"Brinjal (R)",NA,"22"
1372,20160825,"Brinjal (R)",NA,"20"
1373,20160826,"Brinjal (R)",NA,"17"
1374,20160827,"Brinjal (R)",NA,"17"
1375,20160829,"Brinjal (R)",NA,"17"
1376,20160830,"Brinjal (R)",NA,"17"
1377,20160901,"Brinjal (R)",2016-01-09,"17"
1378,20160902,"Brinjal (R)",2016-02-09,"17"
1379,20160903,"Brinjal (R)",2016-03-09,"17"
1380,20160906,"Brinjal (R)",2016-06-09,"17"
1381,20160907,"Brinjal (R)",2016-07-09,"17"
1382,20160908,"Brinjal (R)",2016-08-09,"17"
1383,20160910,"Brinjal (R)",2016-10-09,"17"
1384,20160912,"Brinjal (R)",2016-12-09,"17"
1385,20160914,"Brinjal (R)",NA,"17"
1386,20160915,"Brinjal (R)",NA,"17"
1387,20160917,"Brinjal (R)",NA,"17"
1388,20160919,"Brinjal (R)",NA,"17"
1389,20160920,"Brinjal (R)",NA,"17"
1390,20160921,"Brinjal (R)",NA,"17"
1391,20160922,"Brinjal (R)",NA,"17"
1392,20160924,"Brinjal (R)",NA,"17"
1393,20160926,"Brinjal (R)",NA,"17"
1394,20160927,"Brinjal (R)",NA,"17"
1395,20160928,"Brinjal (R)",NA,"17"
1396,20160929,"Brinjal (R)",NA,"17"
1397,20161001,"Brinjal (R)",2016-01-10,"20"
1398,20161003,"Brinjal (R)",2016-03-10,"20"
1399,20161004,"Brinjal (R)",2016-04-10,"20"
1400,20161005,"Brinjal (R)",2016-05-10,"20"
1401,20161006,"Brinjal (R)",2016-06-10,"20"
1402,20161007,"Brinjal (R)",2016-07-10,"20"
1403,20161008,"Brinjal (R)",2016-08-10,"20"
1404,20161010,"Brinjal (R)",2016-10-10,"20"
1405,20161012,"Brinjal (R)",2016-12-10,"20"
1406,20161013,"Brinjal (R)",NA,"20"
1407,20161014,"Brinjal (R)",NA,"20"
1408,20161017,"Brinjal (R)",NA,"18"
1409,20161018,"Brinjal (R)",NA,"18"
1410,20161019,"Brinjal (R)",NA,"18"
1411,20161020,"Brinjal (R)",NA,"20"
1412,20161021,"Brinjal (R)",NA,"20"
1413,20161022,"Brinjal (R)",NA,"20"
1414,20161024,"Brinjal (R)",NA,"20"
1415,20161028,"Brinjal (R)",NA,"19"
1416,20161029,"Brinjal (R)",NA,"19"
1417,20161102,"Brinjal (R)",2016-02-11,"23"
1418,20161103,"Brinjal (R)",2016-03-11,"22"
1419,20161104,"Brinjal (R)",2016-04-11,"20"
1420,20161105,"Brinjal (R)",2016-05-11,"18"
1421,20161107,"Brinjal (R)",2016-07-11,"18"
1422,20161108,"Brinjal (R)",2016-08-11,"18"
1423,20161109,"Brinjal (R)",2016-09-11,"16"
1424,20161110,"Brinjal (R)",2016-10-11,"16"
1425,20161111,"Brinjal (R)",2016-11-11,"16"
1426,20161112,"Brinjal (R)",2016-12-11,"16"
1427,20161114,"Brinjal (R)",NA,"16"
1428,20161115,"Brinjal (R)",NA,"16"
1429,20161116,"Brinjal (R)",NA,"16"
1430,20161117,"Brinjal (R)",NA,"16"
1431,20161118,"Brinjal (R)",NA,"16"
1432,20161119,"Brinjal (R)",NA,"18"
1433,20161121,"Brinjal (R)",NA,"14"
1434,20161122,"Brinjal (R)",NA,"14"
1435,20161123,"Brinjal (R)",NA,"14"
1436,20161124,"Brinjal (R)",NA,"14"
1437,20161125,"Brinjal (R)",NA,"14"
1438,20161126,"Brinjal (R)",NA,"14"
1439,20161129,"Brinjal (R)",NA,"14"
1440,20161130,"Brinjal (R)",NA,"14"
1441,20161201,"Brinjal (R)",2016-01-12,"14"
1442,20161202,"Brinjal (R)",2016-02-12,"14"
1443,20161203,"Brinjal (R)",2016-03-12,"16"
1444,20161205,"Brinjal (R)",2016-05-12,"15"
1445,20161207,"Brinjal (R)",2016-07-12,"15"
1446,20161209,"Brinjal (R)",2016-09-12,"15"
1447,20161214,"Brinjal (R)",NA,"20"
1448,20161215,"Brinjal (R)",NA,"20"
1449,20161216,"Brinjal (R)",NA,"18"
1450,20161219,"Brinjal (R)",NA,"18"
1451,20161220,"Brinjal (R)",NA,"18"
1452,20161221,"Brinjal (R)",NA,"18"
1453,20161222,"Brinjal (R)",NA,"14"
1454,20161223,"Brinjal (R)",NA,"14"
1455,20161224,"Brinjal (R)",NA,"14"
1456,20161226,"Brinjal (R)",NA,"16"
1457,20161227,"Brinjal (R)",NA,"18"
1458,20161228,"Brinjal (R)",NA,"18"
1459,20161229,"Brinjal (R)",NA,"18"
1460,20161230,"Brinjal (R)",NA,"18"
1461,20161231,"Brinjal (R)",NA,"18"
1462,20170102,"Brinjal (R)",2017-02-01,"18"
1463,20170103,"Brinjal (R)",2017-03-01,"18"
1464,20170104,"Brinjal (R)",2017-04-01,"18"
1465,20170105,"Brinjal (R)",2017-05-01,"18"
1466,20170106,"Brinjal (R)",2017-06-01,"19"
1467,20170107,"Brinjal (R)",2017-07-01,"19"
1468,20170109,"Brinjal (R)",2017-09-01,"19"
1469,20170110,"Brinjal (R)",2017-10-01,"19"
1470,20170111,"Brinjal (R)",2017-11-01,"19"
1471,20170112,"Brinjal (R)",2017-12-01,"20"
1472,20170113,"Brinjal (R)",NA,"20"
1473,20170116,"Brinjal (R)",NA,"21"
1474,20170117,"Brinjal (R)",NA,"21"
1475,20170118,"Brinjal (R)",NA,"20"
1476,20170119,"Brinjal (R)",NA,"20"
1477,20170120,"Brinjal (R)",NA,"18"
1478,20170121,"Brinjal (R)",NA,"18"
1479,20170124,"Brinjal (R)",NA,"18"
1480,20170125,"Brinjal (R)",NA,"18"
1481,20170126,"Brinjal (R)",NA,"19"
1482,20170127,"Brinjal (R)",NA,"21"
1483,20170128,"Brinjal (R)",NA,"21"
1484,20170130,"Brinjal (R)",NA,"18"
1485,20170131,"Brinjal (R)",NA,"18"
1486,20170201,"Brinjal (R)",2017-01-02,"16"
1487,20170203,"Brinjal (R)",2017-03-02,"16"
1488,20170204,"Brinjal (R)",2017-04-02,"16"
1489,20170206,"Brinjal (R)",2017-06-02,"16"
1490,20170207,"Brinjal (R)",2017-07-02,"16"
1491,20170208,"Brinjal (R)",2017-08-02,"16"
1492,20170209,"Brinjal (R)",2017-09-02,"16"
1493,20170210,"Brinjal (R)",2017-10-02,"16"
1494,20170211,"Brinjal (R)",2017-11-02,"16"
1495,20170213,"Brinjal (R)",NA,"22"
1496,20170214,"Brinjal (R)",NA,"22"
1497,20170215,"Brinjal (R)",NA,"28"
1498,20170216,"Brinjal (R)",NA,"28"
1499,20170217,"Brinjal (R)",NA,"32"
1500,20170218,"Brinjal (R)",NA,"32"
1501,20170220,"Brinjal (R)",NA,"32"
1502,20170221,"Brinjal (R)",NA,"32"
1503,20170222,"Brinjal (R)",NA,"36"
1504,20170223,"Brinjal (R)",NA,"40"
1505,20170224,"Brinjal (R)",NA,"40"
1506,20170225,"Brinjal (R)",NA,"40"
1507,20170227,"Brinjal (R)",NA,"40"
1508,20170228,"Brinjal (R)",NA,"40"
1509,20170302,"Brinjal (R)",2017-02-03,"40"
1510,20170303,"Brinjal (R)",2017-03-03,"39"
1511,20170304,"Brinjal (R)",2017-04-03,"39"
1512,20170306,"Brinjal (R)",2017-06-03,"40"
1513,20170307,"Brinjal (R)",2017-07-03,"42"
1514,20170308,"Brinjal (R)",2017-08-03,"42"
1515,20170309,"Brinjal (R)",2017-09-03,"40"
1516,20170310,"Brinjal (R)",2017-10-03,"40"
1517,20170311,"Brinjal (R)",2017-11-03,"39"
1518,20170313,"Brinjal (R)",NA,"39"
1519,20170314,"Brinjal (R)",NA,"39"
1520,20170315,"Brinjal (R)",NA,"40"
1521,20170316,"Brinjal (R)",NA,"40"
1522,20170317,"Brinjal (R)",NA,"40"
1523,20170318,"Brinjal (R)",NA,"40"
1524,20170320,"Brinjal (R)",NA,"40"
1525,20170321,"Brinjal (R)",NA,"40"
1526,20170322,"Brinjal (R)",NA,"40"
1527,20170323,"Brinjal (R)",NA,"40"
1528,20170324,"Brinjal (R)",NA,"40"
1529,20170325,"Brinjal (R)",NA,"40"
1530,20170328,"Brinjal (R)",NA,"40"
1531,20170330,"Brinjal (R)",NA,"40"
1532,20170403,"Brinjal (R)",2017-03-04,"40"
1533,20170404,"Brinjal (R)",2017-04-04,"40"
1534,20170405,"Brinjal (R)",2017-05-04,"40"
1535,20170406,"Brinjal (R)",2017-06-04,"40"
1536,20170407,"Brinjal (R)",2017-07-04,"40"
1537,20170408,"Brinjal (R)",2017-08-04,"40"
1538,20170410,"Brinjal (R)",2017-10-04,"40"
1539,20170412,"Brinjal (R)",2017-12-04,"40"
1540,20170413,"Brinjal (R)",NA,"40"
1541,20170414,"Brinjal (R)",NA,"40"
1542,20170415,"Brinjal (R)",NA,"40"
1543,20170417,"Brinjal (R)",NA,"40"
1544,20170418,"Brinjal (R)",NA,"38"
1545,20170419,"Brinjal (R)",NA,"38"
1546,20170420,"Brinjal (R)",NA,"36"
1547,20170421,"Brinjal (R)",NA,"37"
1548,20170422,"Brinjal (R)",NA,"37"
1549,20170425,"Brinjal (R)",NA,"32"
1550,20170426,"Brinjal (R)",NA,"32"
1551,20170427,"Brinjal (R)",NA,"32"
1552,20170428,"Brinjal (R)",NA,"32"
1553,20170429,"Brinjal (R)",NA,"34"
1554,20170501,"Brinjal (R)",2017-01-05,"40"
1555,20170502,"Brinjal (R)",2017-02-05,"44"
1556,20170503,"Brinjal (R)",2017-03-05,"47"
1557,20170504,"Brinjal (R)",2017-04-05,"47"
1558,20170508,"Brinjal (R)",2017-08-05,"47"
1559,20170509,"Brinjal (R)",2017-09-05,"47"
1560,20170510,"Brinjal (R)",2017-10-05,"47"
1561,20170511,"Brinjal (R)",2017-11-05,"47"
1562,20170512,"Brinjal (R)",2017-12-05,"47"
1563,20170513,"Brinjal (R)",NA,"47"
1564,20170515,"Brinjal (R)",NA,"45"
1565,20170517,"Brinjal (R)",NA,"40"
1566,20170518,"Brinjal (R)",NA,"40"
1567,20170519,"Brinjal (R)",NA,"38"
1568,20170520,"Brinjal (R)",NA,"38"
1569,20170522,"Brinjal (R)",NA,"36"
1570,20170523,"Brinjal (R)",NA,"36"
1571,20170524,"Brinjal (R)",NA,"34"
1572,20170525,"Brinjal (R)",NA,"34"
1573,20170526,"Brinjal (R)",NA,"34"
1574,20170527,"Brinjal (R)",NA,"34"
1575,20170529,"Brinjal (R)",NA,"30"
1576,20170530,"Brinjal (R)",NA,"32"
1577,20170531,"Brinjal (R)",NA,"32"
1578,20170601,"Brinjal (R)",2017-01-06,"32"
1579,20170602,"Brinjal (R)",2017-02-06,"33"
1580,20170603,"Brinjal (R)",2017-03-06,"33"
1581,20170605,"Brinjal (R)",2017-05-06,"33"
1582,20170606,"Brinjal (R)",2017-06-06,"33"
1583,20170607,"Brinjal (R)",2017-07-06,"36"
1584,20170608,"Brinjal (R)",2017-08-06,"36"
1585,20170609,"Brinjal (R)",2017-09-06,"36"
1586,20170613,"Brinjal (R)",NA,"36"
1587,20170614,"Brinjal (R)",NA,"36"
1588,20170615,"Brinjal (R)",NA,"36"
1589,20170616,"Brinjal (R)",NA,"36"
1590,20170617,"Brinjal (R)",NA,"38"
1591,20170619,"Brinjal (R)",NA,"37"
1592,20170620,"Brinjal (R)",NA,"37"
1593,20170621,"Brinjal (R)",NA,"37"
1594,20170622,"Brinjal (R)",NA,"34"
1595,20170623,"Brinjal (R)",NA,"32"
1596,20170624,"Brinjal (R)",NA,"30"
1597,20170626,"Brinjal (R)",NA,"30"
1598,20170627,"Brinjal (R)",NA,"30"
1599,20170628,"Brinjal (R)",NA,"29"
1600,20170629,"Brinjal (R)",NA,"29"
1601,20170630,"Brinjal (R)",NA,"27"
1602,20170701,"Brinjal (R)",2017-01-07,"27"
1603,20170703,"Brinjal (R)",2017-03-07,"30"
1604,20170704,"Brinjal (R)",2017-04-07,"30"
1605,20170705,"Brinjal (R)",2017-05-07,"30"
1606,20170706,"Brinjal (R)",2017-06-07,"30"
1607,20170707,"Brinjal (R)",2017-07-07,"30"
1608,20170708,"Brinjal (R)",2017-08-07,"32"
1609,20170710,"Brinjal (R)",2017-10-07,"39"
1610,20170711,"Brinjal (R)",2017-11-07,"39"
1611,20170712,"Brinjal (R)",2017-12-07,"37"
1612,20170713,"Brinjal (R)",NA,"37"
1613,20170714,"Brinjal (R)",NA,"35"
1614,20170715,"Brinjal (R)",NA,"35"
1615,20170717,"Brinjal (R)",NA,"35"
1616,20170718,"Brinjal (R)",NA,"33"
1617,20170719,"Brinjal (R)",NA,"33"
1618,20170720,"Brinjal (R)",NA,"33"
1619,20170721,"Brinjal (R)",NA,"33"
1620,20170724,"Brinjal (R)",NA,"39"
1621,20170725,"Brinjal (R)",NA,"44"
1622,20170726,"Brinjal (R)",NA,"42"
1623,20170727,"Brinjal (R)",NA,"40"
1624,20170728,"Brinjal (R)",NA,"40"
1625,20170729,"Brinjal (R)",NA,"40"
1626,20170731,"Brinjal (R)",NA,"37"
1627,20170801,"Brinjal (R)",2017-01-08,"37"
1628,20170802,"Brinjal (R)",2017-02-08,"37"
1629,20170803,"Brinjal (R)",2017-03-08,"35"
1630,20170804,"Brinjal (R)",2017-04-08,"35"
1631,20170805,"Brinjal (R)",2017-05-08,"35"
1632,20170807,"Brinjal (R)",2017-07-08,"36"
1633,20170808,"Brinjal (R)",2017-08-08,"36"
1634,20170809,"Brinjal (R)",2017-09-08,"36"
1635,20170810,"Brinjal (R)",2017-10-08,"35"
1636,20170811,"Brinjal (R)",2017-11-08,"35"
1637,20170812,"Brinjal (R)",2017-12-08,"33"
1638,20170814,"Brinjal (R)",NA,"33"
1639,20170816,"Brinjal (R)",NA,"30"
1640,20170817,"Brinjal (R)",NA,"30"
1641,20170818,"Brinjal (R)",NA,"30"
1642,20170819,"Brinjal (R)",NA,"30"
1643,20170821,"Brinjal (R)",NA,"30"
1644,20170822,"Brinjal (R)",NA,"30"
1645,20170823,"Brinjal (R)",NA,"30"
1646,20170824,"Brinjal (R)",NA,"30"
1647,20170825,"Brinjal (R)",NA,"30"
1648,20170826,"Brinjal (R)",NA,"30"
1649,20170828,"Brinjal (R)",NA,"28"
1650,20170829,"Brinjal (R)",NA,"28"
1651,20170830,"Brinjal (R)",NA,"28"
1652,20170831,"Brinjal (R)",NA,"28"
1653,20170901,"Brinjal (R)",2017-01-09,"28"
1654,20170902,"Brinjal (R)",2017-02-09,"28"
1655,20170904,"Brinjal (R)",2017-04-09,"28"
1656,20170905,"Brinjal (R)",2017-05-09,"28"
1657,20170906,"Brinjal (R)",2017-06-09,"28"
1658,20170908,"Brinjal (R)",2017-08-09,"28"
1659,20170909,"Brinjal (R)",2017-09-09,"28"
1660,20170911,"Brinjal (R)",2017-11-09,"28"
1661,20170912,"Brinjal (R)",2017-12-09,"28"
1662,20170913,"Brinjal (R)",NA,"26"
1663,20170914,"Brinjal (R)",NA,"26"
1664,20170915,"Brinjal (R)",NA,"26"
1665,20170916,"Brinjal (R)",NA,"26"
1666,20170918,"Brinjal (R)",NA,"24"
1667,20170919,"Brinjal (R)",NA,"24"
1668,20170920,"Brinjal (R)",NA,"26"
1669,20170921,"Brinjal (R)",NA,"26"
1670,20170922,"Brinjal (R)",NA,"28"
1671,20170925,"Brinjal (R)",NA,"28"
1672,20170926,"Brinjal (R)",NA,"33"
1673,20170927,"Brinjal (R)",NA,"33"
1674,20170928,"Brinjal (R)",NA,"30"
1675,20170929,"Brinjal (R)",NA,"18"
1676,20171002,"Brinjal (R)",2017-02-10,"37"
1677,20171003,"Brinjal (R)",2017-03-10,"37"
1678,20171004,"Brinjal (R)",2017-04-10,"37"
1679,20171005,"Brinjal (R)",2017-05-10,"36"
1680,20171007,"Brinjal (R)",2017-07-10,"36"
1681,20171009,"Brinjal (R)",2017-09-10,"36"
1682,20171010,"Brinjal (R)",2017-10-10,"34"
1683,20171011,"Brinjal (R)",2017-11-10,"34"
1684,20171012,"Brinjal (R)",2017-12-10,"34"
1685,20171013,"Brinjal (R)",NA,"35"
1686,20171014,"Brinjal (R)",NA,"35"
1687,20171016,"Brinjal (R)",NA,"35"
1688,20171017,"Brinjal (R)",NA,"37"
1689,20171018,"Brinjal (R)",NA,"38"
1690,20171019,"Brinjal (R)",NA,"38"
1691,20171020,"Brinjal (R)",NA,"38"
1692,20171021,"Brinjal (R)",NA,"39"
1693,20171023,"Brinjal (R)",NA,"37"
1694,20171024,"Brinjal (R)",NA,"37"
1695,20171025,"Brinjal (R)",NA,"37"
1696,20171026,"Brinjal (R)",NA,"38"
1697,20171027,"Brinjal (R)",NA,"42"
1698,20171028,"Brinjal (R)",NA,"42"
1699,20171030,"Brinjal (R)",NA,"40"
1700,20171031,"Brinjal (R)",NA,"40"
1701,20171101,"Brinjal (R)",2017-01-11,"40"
1702,20171102,"Brinjal (R)",2017-02-11,"42"
1703,20171103,"Brinjal (R)",2017-03-11,"42"
1704,20171104,"Brinjal (R)",2017-04-11,"42"
1705,20171106,"Brinjal (R)",2017-06-11,"42"
1706,20171107,"Brinjal (R)",2017-07-11,"40"
1707,20171108,"Brinjal (R)",2017-08-11,"40"
1708,20171109,"Brinjal (R)",2017-09-11,"40"
1709,20171110,"Brinjal (R)",2017-10-11,"38"
1710,20171111,"Brinjal (R)",2017-11-11,"40"
1711,20171113,"Brinjal (R)",NA,"38"
1712,20171114,"Brinjal (R)",NA,"38"
1713,20171115,"Brinjal (R)",NA,"38"
1714,20171116,"Brinjal (R)",NA,"38"
1715,20171117,"Brinjal (R)",NA,"38"
1716,20171118,"Brinjal (R)",NA,"36"
1717,20171120,"Brinjal (R)",NA,"32"
1718,20171121,"Brinjal (R)",NA,"32"
1719,20171122,"Brinjal (R)",NA,"32"
1720,20171123,"Brinjal (R)",NA,"30"
1721,20171124,"Brinjal (R)",NA,"28"
1722,20171125,"Brinjal (R)",NA,"28"
1723,20171127,"Brinjal (R)",NA,"28"
1724,20171128,"Brinjal (R)",NA,"28"
1725,20171129,"Brinjal (R)",NA,"28"
1726,20171130,"Brinjal (R)",NA,"26"
1727,20171201,"Brinjal (R)",2017-01-12,"26"
1728,20171202,"Brinjal (R)",2017-02-12,"26"
1729,20171204,"Brinjal (R)",2017-04-12,"26"
1730,20171205,"Brinjal (R)",2017-05-12,"26"
1731,20171207,"Brinjal (R)",2017-07-12,"26"
1732,20171208,"Brinjal (R)",2017-08-12,"26"
1733,20171209,"Brinjal (R)",2017-09-12,"26"
1734,20171211,"Brinjal (R)",2017-11-12,"26"
1735,20171212,"Brinjal (R)",2017-12-12,"26"
1736,20171213,"Brinjal (R)",NA,"26"
1737,20171214,"Brinjal (R)",NA,"26"
1738,20171215,"Brinjal (R)",NA,"26"
1739,20171216,"Brinjal (R)",NA,"26"
1740,20171218,"Brinjal (R)",NA,"26"
1741,20171219,"Brinjal (R)",NA,"28"
1742,20171220,"Brinjal (R)",NA,"26"
1743,20171221,"Brinjal (R)",NA,"26"
1744,20171222,"Brinjal (R)",NA,"26"
1745,20171223,"Brinjal (R)",NA,"26"
1746,20171225,"Brinjal (R)",NA,"26"
1747,20171226,"Brinjal (R)",NA,"26"
1748,20171227,"Brinjal (R)",NA,"26"
1749,20171228,"Brinjal (R)",NA,"26"
1750,20171229,"Brinjal (R)",NA,"26"
1751,20171230,"Brinjal (R)",NA,"26"
1752,20180101,"Brinjal (R)",2018-01-01,"26"
1753,20180102,"Brinjal (R)",2018-02-01,"26"
1754,20180103,"Brinjal (R)",2018-03-01,"26"
1755,20180104,"Brinjal (R)",2018-04-01,"26"
1756,20180105,"Brinjal (R)",2018-05-01,"26"
1757,20180106,"Brinjal (R)",2018-06-01,"26"
1758,20180108,"Brinjal (R)",2018-08-01,"26"
1759,20180109,"Brinjal (R)",2018-09-01,"26"
1760,20180110,"Brinjal (R)",2018-10-01,"26"
1761,20180111,"Brinjal (R)",2018-11-01,"26"
1762,20180113,"Brinjal (R)",NA,"26"
1763,20180115,"Brinjal (R)",NA,"26"
1764,20180116,"Brinjal (R)",NA,"26"
1765,20180117,"Brinjal (R)",NA,"26"
1766,20180118,"Brinjal (R)",NA,"24"
1767,20180119,"Brinjal (R)",NA,"22"
1768,20180120,"Brinjal (R)",NA,"20"
1769,20180122,"Brinjal (R)",NA,"19"
1770,20180123,"Brinjal (R)",NA,"19"
1771,20180124,"Brinjal (R)",NA,"19"
1772,20180125,"Brinjal (R)",NA,"19"
1773,20180126,"Brinjal (R)",NA,"18"
1774,20180127,"Brinjal (R)",NA,"18"
1775,20180129,"Brinjal (R)",NA,"18"
1776,20180130,"Brinjal (R)",NA,"18"
1777,20180131,"Brinjal (R)",NA,"18"
1778,20180201,"Brinjal (R)",2018-01-02,"16"
1779,20180202,"Brinjal (R)",2018-02-02,"16"
1780,20180203,"Brinjal (R)",2018-03-02,"16"
1781,20180205,"Brinjal (R)",2018-05-02,"16"
1782,20180206,"Brinjal (R)",2018-06-02,"17"
1783,20180207,"Brinjal (R)",2018-07-02,"17"
1784,20180208,"Brinjal (R)",2018-08-02,"17"
1785,20180209,"Brinjal (R)",2018-09-02,"17"
1786,20180210,"Brinjal (R)",2018-10-02,"17"
1787,20180212,"Brinjal (R)",2018-12-02,"17"
1788,20180213,"Brinjal (R)",NA,"17"
1789,20180214,"Brinjal (R)",NA,"16"
1790,20180215,"Brinjal (R)",NA,"16"
1791,20180216,"Brinjal (R)",NA,"18"
1792,20180217,"Brinjal (R)",NA,"14"
1793,20180219,"Brinjal (R)",NA,"14"
1794,20180220,"Brinjal (R)",NA,"14"
1795,20180221,"Brinjal (R)",NA,"14"
1796,20180222,"Brinjal (R)",NA,"14"
1797,20180223,"Brinjal (R)",NA,"10"
1798,20180224,"Brinjal (R)",NA,"10"
1799,20180226,"Brinjal (R)",NA,"14"
1800,20180227,"Brinjal (R)",NA,"15"
